f_1,f_2,f_3,"w_1,1","w_1,2","w_1,3","w_2,1","w_2,2","w_2,3","w_3,1","w_3,2","w_3,3"
0,0,0,0,0,0,0,0,0,0,0,0
0,0,2,-1,0,2,0,-2,-3,-1,0,-2
0,0,4,-1,0,-1,0,-2,1,-1,0,-2
0,0,10,0,-3,1,-1,-3,0,-1,-3,-3
0,0,12,0,-3,0,-1,-3,3,-1,-3,-3
0,0,14,0,-3,1,-1,-3,2,-1,-3,-3
0,0,16,-1,-1,-2,0,-1,-3,-1,0,2
0,0,34,-1,0,3,0,-2,-3,-1,0,-2
0,0,42,0,-3,3,-1,-3,-1,-1,-3,-2
0,0,48,-1,-1,0,0,-1,-3,-1,0,2
0,0,50,-1,-1,1,0,-1,-3,-1,0,2
0,0,68,-1,0,-2,0,-2,2,-1,0,-1
0,0,76,0,-3,-1,-1,-3,3,-1,-3,-2
0,0,80,-1,-1,-3,0,-1,-2,-1,0,3
0,0,84,-1,-1,-3,0,-1,1,-1,0,2
0,0,112,-1,-1,-2,0,-1,-2,-1,0,3
0,0,142,0,-3,1,-1,-3,3,-1,-3,-3
0,0,170,0,-3,3,-1,-3,0,-1,-3,-2
0,0,174,0,-3,3,-1,-3,2,-1,-3,-2
0,0,178,-1,-1,1,0,-1,-3,-1,0,3
0,0,186,0,-3,3,-1,-3,-1,-1,-3,1
0,0,204,0,-3,0,-1,-3,3,-1,-3,-2
0,0,206,0,-3,2,-1,-3,3,-1,-3,-2
0,0,212,-1,-1,-3,0,-1,1,-1,0,3
0,0,220,0,-3,-1,-1,-3,3,-1,-3,1
0,0,238,0,-3,3,-1,-3,3,-1,-3,-2
0,0,240,-1,-1,0,0,-1,-2,-1,0,3
0,0,242,-1,-1,1,0,-1,-2,-1,0,3
0,0,244,-1,-1,-2,0,-1,1,-1,0,3
0,0,250,0,-3,3,-1,-3,0,-1,-3,1
0,0,252,0,-3,0,-1,-3,3,-1,-3,1
0,0,254,0,-3,3,-1,-3,3,-1,-3,1
0,2,2,-1,1,1,0,-2,-3,-1,-1,-2
0,2,4,0,1,-1,-1,-1,1,-1,-1,-1
0,2,10,0,3,3,-1,-3,-2,-1,-3,-3
0,2,12,0,3,0,-1,-3,1,-1,-3,-1
0,2,14,0,3,1,-1,-3,1,-1,-3,-2
0,2,16,-1,1,-1,0,-3,-1,-1,-1,1
0,2,34,-1,1,3,0,-2,-3,-1,-1,-2
0,2,42,0,3,3,-1,-3,-2,-1,-3,-1
0,2,48,-1,1,0,0,-3,-1,-1,-1,1
0,2,50,-1,1,2,0,-3,-3,-1,-1,1
0,2,68,-1,1,-2,0,-1,2,-1,-1,-1
0,2,76,0,3,-1,-1,-3,2,-1,-3,-1
0,2,80,-1,1,-1,0,-3,0,-1,-1,1
0,2,84,-1,1,-2,0,-3,1,-1,-1,1
0,2,112,-1,1,-1,0,-3,-1,-1,-1,2
0,2,142,0,3,1,-1,-3,1,-1,-3,-1
0,2,170,0,3,3,-1,-3,-1,-1,-3,-1
0,2,174,0,3,3,-1,-3,1,-1,-3,-1
0,2,178,-1,1,1,0,-3,-1,-1,-1,1
0,2,186,0,3,2,-1,-3,-1,-1,-3,1
0,2,204,0,3,0,-1,-3,2,-1,-3,-1
0,2,206,0,3,1,-1,-3,2,-1,-3,-1
0,2,212,-1,1,-1,0,-3,1,-1,-1,1
0,2,220,0,3,-1,-1,-3,2,-1,-3,1
0,2,238,0,3,3,-1,-3,2,-1,-3,-1
0,2,240,-1,1,0,0,-3,-1,-1,-1,2
0,2,242,-1,1,1,0,-3,-1,-1,-1,2
0,2,244,-1,1,-1,0,-3,1,-1,-1,2
0,2,250,0,3,1,-1,-3,0,-1,-3,1
0,2,252,0,3,0,-1,-3,2,-1,-3,1
0,2,254,0,3,1,-1,-3,2,-1,-3,1
0,4,4,-1,-1,-1,0,1,1,-1,-1,-2
0,4,10,0,-3,1,-1,3,0,-1,-3,-3
0,4,12,0,-3,0,-1,1,3,-1,-1,-3
0,4,14,0,-3,1,-1,1,2,-1,-1,-3
0,4,16,-1,-1,-2,0,1,-3,-1,-1,2
0,4,34,-1,-1,3,0,1,-3,-1,-1,-2
0,4,42,0,-3,3,-1,1,-1,-1,-1,-2
0,4,48,-1,-1,0,0,1,-3,-1,-1,2
0,4,50,-1,-1,1,0,1,-3,-1,-1,2
0,4,68,-1,-1,-2,0,1,2,-1,-1,-1
0,4,76,0,-3,-1,-1,1,3,-1,-1,-2
0,4,80,-1,-1,-3,0,1,-2,-1,-1,3
0,4,84,-1,-1,-3,0,1,1,-1,-1,2
0,4,112,-1,-1,-2,0,1,-2,-1,-1,3
0,4,142,0,-3,1,-1,3,3,-1,-3,-3
0,4,170,0,-3,3,-1,1,0,-1,-1,-2
0,4,174,0,-3,3,-1,1,2,-1,-1,-2
0,4,178,-1,-1,1,0,1,-3,-1,-1,3
0,4,186,0,-3,3,-1,1,-1,-1,-1,1
0,4,204,0,-3,0,-1,1,3,-1,-1,-2
0,4,206,0,-3,2,-1,3,3,-1,-3,-2
0,4,212,-1,-1,-3,0,1,1,-1,-1,3
0,4,220,0,-3,-1,-1,3,3,-1,-3,1
0,4,238,0,-3,3,-1,1,3,-1,-1,-2
0,4,240,-1,-1,0,0,1,-2,-1,-1,3
0,4,242,-1,-1,1,0,1,-2,-1,-1,3
0,4,244,-1,-1,-2,0,1,1,-1,-1,3
0,4,250,0,-3,3,-1,1,0,-1,-1,1
0,4,252,0,-3,0,-1,1,3,-1,-1,1
0,4,254,0,-3,3,-1,1,3,-1,-1,1
0,10,10,0,3,1,-1,-2,0,-1,-3,-1
0,10,12,0,3,0,-1,-2,1,-1,-3,-1
0,10,14,0,3,1,-1,-2,2,-1,-3,-3
0,10,16,-1,2,-2,0,-1,-3,-1,-2,2
0,10,34,-1,2,3,0,-1,-3,-1,-2,-2
0,10,42,0,3,2,-1,-2,-1,-1,-3,-1
0,10,48,-1,2,0,0,-1,-3,-1,-2,2
0,10,50,-1,2,1,0,-1,-3,-1,-2,2
0,10,68,-1,2,-2,0,-1,2,-1,-2,-1
0,10,76,0,3,-1,-1,-2,2,-1,-3,-1
0,10,80,-1,2,-3,0,-1,-2,-1,-2,3
0,10,84,-1,2,-3,0,-1,1,-1,-2,2
0,10,112,-1,2,-2,0,-1,-2,-1,-2,3
0,10,142,0,3,1,-1,-2,1,-1,-3,-1
0,10,170,0,3,2,-1,-2,0,-1,-3,-1
0,10,174,0,3,2,-1,-2,1,-1,-3,-1
0,10,178,-1,2,1,0,-1,-3,-1,-2,3
0,10,186,0,3,2,-1,-2,-1,-1,-3,1
0,10,204,0,3,0,-1,-2,2,-1,-3,-1
0,10,206,0,3,1,-1,-2,2,-1,-3,-1
0,10,212,-1,2,-3,0,-1,1,-1,-2,3
0,10,220,0,3,-1,-1,-2,2,-1,-3,1
0,10,238,0,3,2,-1,-2,2,-1,-3,-1
0,10,240,-1,2,0,0,-1,-2,-1,-2,3
0,10,242,-1,2,1,0,-1,-2,-1,-2,3
0,10,244,-1,2,-2,0,-1,1,-1,-2,3
0,10,250,0,3,1,-1,-2,0,-1,-3,1
0,10,252,0,3,0,-1,-2,2,-1,-3,1
0,10,254,0,3,1,-1,-2,2,-1,-3,1
0,12,12,0,-2,0,-1,3,3,-1,-3,-3
0,12,14,0,-2,1,-1,3,2,-1,-3,-3
0,12,16,-1,-1,-2,0,2,-3,-1,-2,2
0,12,34,-1,-1,3,0,2,-3,-1,-2,-2
0,12,42,0,-2,3,-1,3,-1,-1,-3,-2
0,12,48,-1,-1,0,0,2,-3,-1,-2,2
0,12,50,-1,-1,1,0,2,-3,-1,-2,2
0,12,68,-1,-1,-2,0,2,2,-1,-2,-1
0,12,76,0,-2,-1,-1,3,3,-1,-3,-2
0,12,80,-1,-1,-3,0,2,-2,-1,-2,3
0,12,84,-1,-1,-3,0,2,1,-1,-2,2
0,12,112,-1,-1,-2,0,2,-2,-1,-2,3
0,12,142,0,-2,1,-1,3,3,-1,-3,-3
0,12,170,0,-2,3,-1,3,0,-1,-3,-2
0,12,174,0,-2,3,-1,3,2,-1,-3,-2
0,12,178,-1,-1,1,0,2,-3,-1,-2,3
0,12,186,0,-2,3,-1,3,-1,-1,-3,1
0,12,204,0,-2,0,-1,3,3,-1,-3,-2
0,12,206,0,-2,2,-1,3,3,-1,-3,-2
0,12,212,-1,-1,-3,0,2,1,-1,-2,3
0,12,220,0,-2,-1,-1,3,3,-1,-3,1
0,12,238,0,-2,3,-1,3,3,-1,-3,-2
0,12,240,-1,-1,0,0,2,-2,-1,-2,3
0,12,242,-1,-1,1,0,2,-2,-1,-2,3
0,12,244,-1,-1,-2,0,2,1,-1,-2,3
0,12,250,0,-2,3,-1,3,0,-1,-3,1
0,12,252,0,-2,0,-1,3,3,-1,-3,1
0,12,254,0,-2,3,-1,3,3,-1,-3,1
0,14,14,0,2,1,-1,1,2,-1,-3,-3
0,14,16,-1,2,-2,0,1,-3,-1,-3,2
0,14,34,-1,2,3,0,1,-3,-1,-3,-2
0,14,42,0,2,3,-1,1,-1,-1,-3,-2
0,14,48,-1,2,0,0,1,-3,-1,-3,2
0,14,50,-1,2,1,0,1,-3,-1,-3,2
0,14,68,-1,2,-2,0,1,2,-1,-3,-1
0,14,76,0,2,-1,-1,1,3,-1,-3,-2
0,14,80,-1,2,-3,0,1,-2,-1,-3,3
0,14,84,-1,2,-3,0,1,1,-1,-3,2
0,14,112,-1,2,-2,0,1,-2,-1,-3,3
0,14,142,0,2,1,-1,1,3,-1,-3,-3
0,14,170,0,2,3,-1,1,0,-1,-3,-2
0,14,174,0,2,3,-1,1,2,-1,-3,-2
0,14,178,-1,2,1,0,1,-3,-1,-3,3
0,14,186,0,2,3,-1,1,-1,-1,-3,1
0,14,204,0,2,0,-1,1,3,-1,-3,-2
0,14,206,0,2,2,-1,1,3,-1,-3,-2
0,14,212,-1,2,-3,0,1,1,-1,-3,3
0,14,220,0,2,-1,-1,1,3,-1,-3,1
0,14,238,0,2,3,-1,1,3,-1,-3,-2
0,14,240,-1,2,0,0,1,-2,-1,-3,3
0,14,242,-1,2,1,0,1,-2,-1,-3,3
0,14,244,-1,2,-2,0,1,1,-1,-3,3
0,14,250,0,2,3,-1,1,0,-1,-3,1
0,14,252,0,2,0,-1,1,3,-1,-3,1
0,14,254,0,2,3,-1,1,3,-1,-3,1
0,16,16,-1,-2,-2,0,-2,-3,-1,2,2
0,16,34,-1,-3,3,0,-3,-3,-1,3,-2
0,16,42,0,-3,3,-1,-3,-1,-1,3,-2
0,16,48,-1,-2,0,0,-2,-3,-1,2,2
0,16,50,-1,-2,1,0,-2,-3,-1,2,2
0,16,68,-1,-3,-2,0,-3,2,-1,3,-1
0,16,76,0,-3,-1,-1,-3,3,-1,3,-2
0,16,80,-1,-2,-3,0,-2,-2,-1,2,3
0,16,84,-1,-2,-3,0,-2,1,-1,2,2
0,16,112,-1,-2,-2,0,-2,-2,-1,2,3
0,16,142,0,-3,1,-1,-3,3,-1,3,-3
0,16,170,0,-3,3,-1,-3,0,-1,3,-2
0,16,174,0,-3,3,-1,-3,2,-1,3,-2
0,16,178,-1,-2,1,0,-2,-3,-1,2,3
0,16,186,0,-3,3,-1,-3,-1,-1,3,1
0,16,204,0,-3,0,-1,-3,3,-1,3,-2
0,16,206,0,-3,2,-1,-3,3,-1,3,-2
0,16,212,-1,-2,-3,0,-2,1,-1,2,3
0,16,220,0,-3,-1,-1,-3,3,-1,3,1
0,16,238,0,-3,3,-1,-3,3,-1,3,-2
0,16,240,-1,-2,0,0,-2,-2,-1,2,3
0,16,242,-1,-2,1,0,-2,-2,-1,2,3
0,16,244,-1,-2,-2,0,-2,1,-1,2,3
0,16,250,0,-3,3,-1,-3,0,-1,3,1
0,16,252,0,-3,0,-1,-3,3,-1,3,1
0,16,254,0,-3,3,-1,-3,3,-1,3,1
0,34,34,-1,2,3,0,-2,-3,-1,-1,-2
0,34,42,0,3,3,-1,-3,-1,-1,-2,-2
0,34,48,-1,2,0,0,-3,-3,-1,-1,2
0,34,50,-1,2,1,0,-3,-3,-1,-1,2
0,34,68,-1,2,-2,0,-2,2,-1,-1,-1
0,34,76,0,3,-1,-1,-3,3,-1,-2,-2
0,34,80,-1,2,-3,0,-3,-2,-1,-1,3
0,34,84,-1,2,-2,0,-3,1,-1,-1,1
0,34,112,-1,2,-2,0,-3,-2,-1,-1,3
0,34,142,0,3,1,-1,-3,3,-1,-2,-3
0,34,170,0,3,3,-1,-3,0,-1,-2,-2
0,34,174,0,3,3,-1,-3,2,-1,-2,-2
0,34,178,-1,2,1,0,-3,-3,-1,-1,3
0,34,186,0,3,3,-1,-3,-1,-1,-2,1
0,34,204,0,3,0,-1,-3,3,-1,-2,-2
0,34,206,0,3,2,-1,-3,3,-1,-2,-2
0,34,212,-1,2,-1,0,-3,1,-1,-1,1
0,34,220,0,3,-1,-1,-3,3,-1,-2,1
0,34,238,0,3,3,-1,-3,3,-1,-2,-2
0,34,240,-1,2,0,0,-3,-2,-1,-1,3
0,34,242,-1,2,1,0,-3,-2,-1,-1,3
0,34,244,-1,2,-1,0,-3,1,-1,-1,2
0,34,250,0,3,3,-1,-3,0,-1,-2,1
0,34,252,0,3,0,-1,-3,3,-1,-2,1
0,34,254,0,3,3,-1,-3,3,-1,-2,1
0,42,42,0,3,3,-1,-2,-1,-1,-2,-2
0,42,48,-1,2,0,0,-1,-3,-1,-1,2
0,42,50,-1,2,1,0,-1,-3,-1,-1,2
0,42,68,-1,2,-2,0,-1,2,-1,-1,-1
0,42,76,0,3,-1,-1,-2,3,-1,-2,-2
0,42,80,-1,2,-3,0,-1,-2,-1,-1,3
0,42,84,-1,2,-3,0,-1,1,-1,-1,2
0,42,112,-1,2,-2,0,-1,-2,-1,-1,3
0,42,142,0,3,1,-1,-2,3,-1,-2,-3
0,42,170,0,3,3,-1,-2,0,-1,-2,-2
0,42,174,0,3,3,-1,-2,2,-1,-2,-2
0,42,178,-1,2,1,0,-1,-3,-1,-1,3
0,42,186,0,3,3,-1,-2,-1,-1,-2,1
0,42,204,0,3,0,-1,-2,3,-1,-2,-2
0,42,206,0,3,2,-1,-2,3,-1,-2,-2
0,42,212,-1,2,-3,0,-1,1,-1,-1,3
0,42,220,0,3,-1,-1,-2,3,-1,-2,1
0,42,238,0,3,3,-1,-2,3,-1,-2,-2
0,42,240,-1,2,0,0,-1,-2,-1,-1,3
0,42,242,-1,2,1,0,-1,-2,-1,-1,3
0,42,244,-1,2,-2,0,-1,1,-1,-1,3
0,42,250,0,3,3,-1,-2,0,-1,-2,1
0,42,252,0,3,0,-1,-2,3,-1,-2,1
0,42,254,0,3,3,-1,-2,3,-1,-2,1
0,48,48,-1,-2,0,0,-3,-3,-1,3,2
0,48,50,-1,-2,1,0,-3,-3,-1,3,2
0,48,68,-1,-2,-2,0,-3,2,-1,3,-1
0,48,76,0,-2,-1,-1,-3,3,-1,3,-2
0,48,80,-1,-2,-3,0,-3,-2,-1,3,3
0,48,84,-1,-2,-3,0,-3,1,-1,3,2
0,48,112,-1,-2,-2,0,-3,-2,-1,3,3
0,48,142,0,-2,1,-1,-3,3,-1,3,-3
0,48,170,0,-2,3,-1,-3,0,-1,3,-2
0,48,174,0,-2,3,-1,-3,2,-1,3,-2
0,48,178,-1,-2,1,0,-3,-3,-1,3,3
0,48,186,0,-2,3,-1,-3,-1,-1,3,1
0,48,204,0,-2,0,-1,-3,3,-1,3,-2
0,48,206,0,-2,2,-1,-3,3,-1,3,-2
0,48,212,-1,-2,-3,0,-3,1,-1,3,3
0,48,220,0,-2,-1,-1,-3,3,-1,3,1
0,48,238,0,-2,3,-1,-3,3,-1,3,-2
0,48,240,-1,-2,0,0,-3,-2,-1,3,3
0,48,242,-1,-2,1,0,-3,-2,-1,3,3
0,48,244,-1,-2,-2,0,-3,1,-1,3,3
0,48,250,0,-2,3,-1,-3,0,-1,3,1
0,48,252,0,-2,0,-1,-3,3,-1,3,1
0,48,254,0,-2,3,-1,-3,3,-1,3,1
0,50,50,-1,1,1,0,-3,-3,-1,2,2
0,50,68,-1,1,-2,0,-2,2,-1,1,-1
0,50,76,0,2,-1,-1,-3,3,-1,1,-2
0,50,80,-1,1,-3,0,-3,-2,-1,2,3
0,50,84,-1,1,-3,0,-3,1,-1,2,2
0,50,112,-1,1,-2,0,-3,-2,-1,2,3
0,50,142,0,2,1,-1,-3,3,-1,1,-3
0,50,170,0,2,3,-1,-3,0,-1,1,-2
0,50,174,0,2,3,-1,-3,2,-1,1,-2
0,50,178,-1,1,1,0,-3,-3,-1,2,3
0,50,186,0,2,3,-1,-3,-1,-1,1,1
0,50,204,0,2,0,-1,-3,3,-1,1,-2
0,50,206,0,2,2,-1,-3,3,-1,1,-2
0,50,212,-1,1,-3,0,-3,1,-1,2,3
0,50,220,0,2,-1,-1,-3,3,-1,1,1
0,50,238,0,2,3,-1,-3,3,-1,1,-2
0,50,240,-1,1,0,0,-3,-2,-1,2,3
0,50,242,-1,1,1,0,-3,-2,-1,2,3
0,50,244,-1,1,-2,0,-3,1,-1,2,3
0,50,250,0,2,3,-1,-3,0,-1,1,1
0,50,252,0,2,0,-1,-3,3,-1,1,1
0,50,254,0,2,3,-1,-3,3,-1,1,1
0,68,68,-1,-1,-2,0,1,2,-1,0,-1
0,68,76,0,-3,-1,-1,1,3,-1,0,-2
0,68,80,-1,-1,-3,0,1,-2,-1,0,3
0,68,84,-1,-1,-3,0,1,1,-1,0,2
0,68,112,-1,-1,-2,0,1,-2,-1,0,3
0,68,142,0,-3,1,-1,3,3,-1,-2,-3
0,68,170,0,-3,3,-1,1,0,-1,0,-2
0,68,174,0,-3,3,-1,1,2,-1,0,-2
0,68,178,-1,-1,1,0,1,-3,-1,0,3
0,68,186,0,-3,3,-1,1,-1,-1,0,1
0,68,204,0,-3,0,-1,1,3,-1,0,-2
0,68,206,0,-3,2,-1,3,3,-1,-2,-2
0,68,212,-1,-1,-3,0,1,1,-1,0,3
0,68,220,0,-3,-1,-1,3,3,-1,-2,1
0,68,238,0,-3,3,-1,1,3,-1,0,-2
0,68,240,-1,-1,0,0,1,-2,-1,0,3
0,68,242,-1,-1,1,0,1,-2,-1,0,3
0,68,244,-1,-1,-2,0,1,1,-1,0,3
0,68,250,0,-3,3,-1,1,0,-1,0,1
0,68,252,0,-3,0,-1,1,3,-1,0,1
0,68,254,0,-3,3,-1,1,3,-1,0,1
0,76,76,0,-2,-1,-1,3,3,-1,-1,-2
0,76,80,-1,-1,-3,0,2,-2,-1,-1,3
0,76,84,-1,-1,-3,0,2,1,-1,-1,2
0,76,112,-1,-1,-2,0,2,-2,-1,-1,3
0,76,142,0,-2,1,-1,3,3,-1,-2,-3
0,76,170,0,-2,3,-1,3,0,-1,-1,-2
0,76,174,0,-2,3,-1,3,2,-1,-1,-2
0,76,178,-1,-1,1,0,2,-3,-1,-1,3
0,76,186,0,-2,3,-1,3,-1,-1,-1,1
0,76,204,0,-2,0,-1,3,3,-1,-1,-2
0,76,206,0,-2,2,-1,3,3,-1,-2,-2
0,76,212,-1,-1,-3,0,2,1,-1,-1,3
0,76,220,0,-2,-1,-1,3,3,-1,-2,1
0,76,238,0,-2,3,-1,3,3,-1,-1,-2
0,76,240,-1,-1,0,0,2,-2,-1,-1,3
0,76,242,-1,-1,1,0,2,-2,-1,-1,3
0,76,244,-1,-1,-2,0,2,1,-1,-1,3
0,76,250,0,-2,3,-1,3,0,-1,-1,1
0,76,252,0,-2,0,-1,3,3,-1,-1,1
0,76,254,0,-2,3,-1,3,3,-1,-1,1
0,80,80,-1,-2,-3,0,-1,-2,-1,2,3
0,80,84,-1,-2,-3,0,-1,1,-1,2,2
0,80,112,-1,-2,-2,0,-1,-2,-1,2,3
0,80,142,0,-3,1,-1,-2,3,-1,3,-3
0,80,170,0,-3,3,-1,-2,0,-1,3,-2
0,80,174,0,-3,3,-1,-2,2,-1,3,-2
0,80,178,-1,-2,1,0,-1,-3,-1,2,3
0,80,186,0,-3,3,-1,-2,-1,-1,3,1
0,80,204,0,-3,0,-1,-2,3,-1,3,-2
0,80,206,0,-3,2,-1,-2,3,-1,3,-2
0,80,212,-1,-2,-3,0,-1,1,-1,2,3
0,80,220,0,-3,-1,-1,-2,3,-1,3,1
0,80,238,0,-3,3,-1,-2,3,-1,3,-2
0,80,240,-1,-2,0,0,-1,-2,-1,2,3
0,80,242,-1,-2,1,0,-1,-2,-1,2,3
0,80,244,-1,-2,-2,0,-1,1,-1,2,3
0,80,250,0,-3,3,-1,-2,0,-1,3,1
0,80,252,0,-3,0,-1,-2,3,-1,3,1
0,80,254,0,-3,3,-1,-2,3,-1,3,1
0,84,84,-1,-2,-3,0,1,1,-1,1,2
0,84,112,-1,-2,-2,0,1,-2,-1,1,3
0,84,142,0,-3,1,-1,2,3,-1,1,-3
0,84,170,0,-3,3,-1,2,0,-1,1,-2
0,84,174,0,-3,3,-1,2,2,-1,1,-2
0,84,178,-1,-2,1,0,1,-3,-1,1,3
0,84,186,0,-3,3,-1,2,-1,-1,1,1
0,84,204,0,-3,0,-1,2,3,-1,1,-2
0,84,206,0,-3,2,-1,2,3,-1,1,-2
0,84,212,-1,-2,-3,0,1,1,-1,1,3
0,84,220,0,-3,-1,-1,2,3,-1,1,1
0,84,238,0,-3,3,-1,2,3,-1,1,-2
0,84,240,-1,-2,0,0,1,-2,-1,1,3
0,84,242,-1,-2,1,0,1,-2,-1,1,3
0,84,244,-1,-2,-2,0,1,1,-1,1,3
0,84,250,0,-3,3,-1,2,0,-1,1,1
0,84,252,0,-3,0,-1,2,3,-1,1,1
0,84,254,0,-3,3,-1,2,3,-1,1,1
0,112,112,-1,-2,-2,0,-2,-2,-1,3,3
0,112,142,0,-2,1,-1,-2,3,-1,3,-3
0,112,170,0,-2,3,-1,-2,0,-1,3,-2
0,112,174,0,-2,3,-1,-2,2,-1,3,-2
0,112,178,-1,-2,1,0,-2,-3,-1,3,3
0,112,186,0,-2,3,-1,-2,-1,-1,3,1
0,112,204,0,-2,0,-1,-2,3,-1,3,-2
0,112,206,0,-2,2,-1,-2,3,-1,3,-2
0,112,212,-1,-2,-3,0,-2,1,-1,3,3
0,112,220,0,-2,-1,-1,-2,3,-1,3,1
0,112,238,0,-2,3,-1,-2,3,-1,3,-2
0,112,240,-1,-2,0,0,-2,-2,-1,3,3
0,112,242,-1,-2,1,0,-2,-2,-1,3,3
0,112,244,-1,-2,-2,0,-2,1,-1,3,3
0,112,250,0,-2,3,-1,-2,0,-1,3,1
0,112,252,0,-2,0,-1,-2,3,-1,3,1
0,112,254,0,-2,3,-1,-2,3,-1,3,1
0,142,142,0,3,1,-1,3,3,-1,-3,-3
0,142,170,0,3,3,-1,3,0,-1,-3,-2
0,142,174,0,3,3,-1,3,2,-1,-3,-2
0,142,178,-1,2,1,0,3,-3,-1,-3,3
0,142,186,0,3,3,-1,3,-1,-1,-3,1
0,142,204,0,3,0,-1,3,3,-1,-3,-2
0,142,206,0,3,2,-1,3,3,-1,-3,-2
0,142,212,-1,2,-3,0,3,1,-1,-3,3
0,142,220,0,3,-1,-1,3,3,-1,-3,1
0,142,238,0,3,3,-1,3,3,-1,-3,-2
0,142,240,-1,2,0,0,3,-2,-1,-3,3
0,142,242,-1,2,1,0,3,-2,-1,-3,3
0,142,244,-1,2,-2,0,3,1,-1,-3,3
0,142,250,0,3,3,-1,3,0,-1,-3,1
0,142,252,0,3,0,-1,3,3,-1,-3,1
0,142,254,0,3,3,-1,3,3,-1,-3,1
0,170,170,0,3,3,-1,-1,0,-1,-1,-2
0,170,174,0,3,3,-1,-1,2,-1,-1,-2
0,170,178,-1,2,1,0,-1,-3,-1,0,3
0,170,186,0,3,3,-1,-1,-1,-1,-1,1
0,170,204,0,3,0,-1,-1,3,-1,-1,-2
0,170,206,0,3,2,-1,-1,3,-1,-1,-2
0,170,212,-1,2,-3,0,-1,1,-1,0,3
0,170,220,0,3,-1,-1,-1,3,-1,-1,1
0,170,238,0,3,3,-1,-1,3,-1,-1,-2
0,170,240,-1,2,0,0,-1,-2,-1,0,3
0,170,242,-1,2,1,0,-1,-2,-1,0,3
0,170,244,-1,2,-2,0,-1,1,-1,0,3
0,170,250,0,3,3,-1,-1,0,-1,-1,1
0,170,252,0,3,0,-1,-1,3,-1,-1,1
0,170,254,0,3,3,-1,-1,3,-1,-1,1
0,174,174,0,3,3,-1,2,2,-1,-2,-2
0,174,178,-1,3,1,0,2,-3,-1,-2,3
0,174,186,0,3,3,-1,2,-1,-1,-2,1
0,174,204,0,3,0,-1,2,3,-1,-2,-2
0,174,206,0,3,2,-1,2,3,-1,-2,-2
0,174,212,-1,3,-3,0,2,1,-1,-2,3
0,174,220,0,3,-1,-1,2,3,-1,-2,1
0,174,238,0,3,3,-1,2,3,-1,-2,-2
0,174,240,-1,3,0,0,2,-2,-1,-2,3
0,174,242,-1,3,1,0,2,-2,-1,-2,3
0,174,244,-1,3,-2,0,2,1,-1,-2,3
0,174,250,0,3,3,-1,2,0,-1,-2,1
0,174,252,0,3,0,-1,2,3,-1,-2,1
0,174,254,0,3,3,-1,2,3,-1,-2,1
0,178,178,-1,1,1,0,-3,-3,-1,3,3
0,178,186,0,3,3,-1,-3,-1,-1,3,1
0,178,204,0,3,0,-1,-3,3,-1,3,-2
0,178,206,0,3,2,-1,-3,3,-1,3,-2
0,178,212,-1,1,-3,0,-3,1,-1,3,3
0,178,220,0,3,-1,-1,-3,3,-1,3,1
0,178,238,0,3,3,-1,-3,3,-1,3,-2
0,178,240,-1,1,0,0,-3,-2,-1,3,3
0,178,242,-1,1,1,0,-3,-2,-1,3,3
0,178,244,-1,1,-2,0,-3,1,-1,3,3
0,178,250,0,3,3,-1,-3,0,-1,3,1
0,178,252,0,3,0,-1,-3,3,-1,3,1
0,178,254,0,3,3,-1,-3,3,-1,3,1
0,186,186,0,3,3,-1,-2,-1,-1,2,1
0,186,204,0,3,0,-1,-2,3,-1,2,-2
0,186,206,0,3,2,-1,-2,3,-1,2,-2
0,186,212,-1,3,-3,0,-2,1,-1,2,3
0,186,220,0,3,-1,-1,-2,3,-1,2,1
0,186,238,0,3,3,-1,-2,3,-1,2,-2
0,186,240,-1,3,0,0,-2,-2,-1,2,3
0,186,242,-1,3,1,0,-2,-2,-1,2,3
0,186,244,-1,3,-2,0,-2,1,-1,2,3
0,186,250,0,3,3,-1,-2,0,-1,2,1
0,186,252,0,3,0,-1,-2,3,-1,2,1
0,186,254,0,3,3,-1,-2,3,-1,2,1
0,204,204,0,-1,0,-1,3,3,-1,-1,-2
0,204,206,0,-1,2,-1,3,3,-1,-1,-2
0,204,212,-1,-1,-3,0,3,1,-1,-1,3
0,204,220,0,-1,-1,-1,3,3,-1,-1,1
0,204,238,0,-1,3,-1,3,3,-1,-1,-2
0,204,240,-1,-1,0,0,3,-2,-1,-1,3
0,204,242,-1,-1,1,0,3,-2,-1,-1,3
0,204,244,-1,-1,-2,0,3,1,-1,-1,3
0,204,250,0,-1,3,-1,3,0,-1,-1,1
0,204,252,0,-1,0,-1,3,3,-1,-1,1
0,204,254,0,-1,3,-1,3,3,-1,-1,1
0,206,206,0,2,2,-1,3,3,-1,-2,-2
0,206,212,-1,2,-3,0,3,1,-1,-2,3
0,206,220,0,2,-1,-1,3,3,-1,-2,1
0,206,238,0,2,3,-1,3,3,-1,-2,-2
0,206,240,-1,2,0,0,3,-2,-1,-2,3
0,206,242,-1,2,1,0,3,-2,-1,-2,3
0,206,244,-1,2,-2,0,3,1,-1,-2,3
0,206,250,0,2,3,-1,3,0,-1,-2,1
0,206,252,0,2,0,-1,3,3,-1,-2,1
0,206,254,0,2,3,-1,3,3,-1,-2,1
0,212,212,-1,-1,-3,0,1,1,-1,1,3
0,212,220,0,-3,-1,-1,3,3,-1,3,1
0,212,238,0,-3,3,-1,3,3,-1,3,-2
0,212,240,-1,-1,0,0,1,-2,-1,1,3
0,212,242,-1,-1,1,0,1,-2,-1,1,3
0,212,244,-1,-1,-2,0,1,1,-1,1,3
0,212,250,0,-3,3,-1,3,0,-1,3,1
0,212,252,0,-3,0,-1,3,3,-1,3,1
0,212,254,0,-3,3,-1,3,3,-1,3,1
0,220,220,0,-2,-1,-1,3,3,-1,2,1
0,220,238,0,-2,3,-1,3,3,-1,2,-2
0,220,240,-1,-1,0,0,3,-2,-1,1,3
0,220,242,-1,-1,1,0,3,-2,-1,1,3
0,220,244,-1,-1,-2,0,3,1,-1,1,3
0,220,250,0,-2,3,-1,3,0,-1,2,1
0,220,252,0,-2,0,-1,3,3,-1,2,1
0,220,254,0,-2,3,-1,3,3,-1,2,1
0,238,238,0,3,3,-1,3,3,-1,-2,-2
0,238,240,-1,3,0,0,3,-2,-1,-2,3
0,238,242,-1,3,1,0,3,-2,-1,-2,3
0,238,244,-1,3,-2,0,3,1,-1,-2,3
0,238,250,0,3,3,-1,3,0,-1,-2,1
0,238,252,0,3,0,-1,3,3,-1,-2,1
0,238,254,0,3,3,-1,3,3,-1,-2,1
0,240,240,-1,-1,0,0,-1,-2,-1,3,3
0,240,242,-1,-1,1,0,-1,-2,-1,3,3
0,240,244,-1,-1,-2,0,-1,1,-1,3,3
0,240,250,0,-1,3,-1,-1,0,-1,3,1
0,240,252,0,-1,0,-1,-1,3,-1,3,1
0,240,254,0,-1,3,-1,-1,3,-1,3,1
0,242,242,-1,1,1,0,-2,-2,-1,3,3
0,242,244,-1,1,-2,0,-2,1,-1,3,3
0,242,250,0,2,3,-1,-2,0,-1,3,1
0,242,252,0,2,0,-1,-2,3,-1,3,1
0,242,254,0,2,3,-1,-2,3,-1,3,1
0,244,244,-1,-1,-2,0,1,1,-1,2,3
0,244,250,0,-2,3,-1,2,0,-1,3,1
0,244,252,0,-2,0,-1,2,3,-1,3,1
0,244,254,0,-2,3,-1,2,3,-1,3,1
0,250,250,0,3,3,-1,-2,0,-1,3,1
0,250,252,0,3,0,-1,-2,3,-1,3,1
0,250,254,0,3,3,-1,-2,3,-1,3,1
0,252,252,0,-2,0,-1,3,3,-1,3,1
0,252,254,0,-2,3,-1,3,3,-1,3,1
0,254,254,0,3,3,-1,3,3,-1,3,1
2,2,2,1,1,1,-1,-1,-1,-1,-1,-1
2,2,4,1,1,-1,-1,-1,1,-1,-1,-1
2,2,10,1,3,3,-1,-3,-2,-1,-3,-3
2,2,12,1,3,0,-1,-3,1,-1,-3,-1
2,2,14,1,3,1,-1,-3,1,-1,-3,-2
2,2,16,1,1,-2,-1,-1,-2,-1,-1,1
2,2,34,1,1,2,-1,-1,-2,-1,-1,-1
2,2,42,1,3,3,-1,-3,-2,-1,-3,-1
2,2,48,1,1,-1,-1,-1,-2,-1,-1,2
2,2,50,1,1,1,-1,-1,-3,-1,-1,2
2,2,68,1,1,-2,-1,-1,2,-1,-1,-1
2,2,76,1,3,-1,-1,-3,2,-1,-3,-1
2,2,80,1,1,-1,-1,-1,0,-1,-1,1
2,2,84,1,1,-2,-1,-1,1,-1,-1,1
2,2,112,1,1,-1,-1,-1,-1,-1,-1,2
2,2,142,1,3,1,-1,-3,1,-1,-3,-1
2,2,170,1,3,3,-1,-3,-1,-1,-3,-1
2,2,174,1,3,3,-1,-3,1,-1,-3,-1
2,2,178,1,1,1,-1,-1,-3,-1,-1,3
2,2,186,1,3,2,-1,-3,-1,-1,-3,1
2,2,204,1,3,0,-1,-3,2,-1,-3,-1
2,2,206,1,3,1,-1,-3,2,-1,-3,-1
2,2,212,1,1,-2,-1,-1,2,-1,-1,1
2,2,220,1,3,-1,-1,-3,2,-1,-3,1
2,2,238,1,3,3,-1,-3,2,-1,-3,-1
2,2,240,1,1,-1,-1,-1,-1,-1,-1,3
2,2,242,1,1,1,-1,-1,-2,-1,-1,3
2,2,244,1,1,-2,-1,-1,2,-1,-1,3
2,2,250,1,3,1,-1,-3,0,-1,-3,1
2,2,252,1,3,0,-1,-3,2,-1,-3,1
2,2,254,1,3,1,-1,-3,2,-1,-3,1
2,4,4,1,-1,-1,-1,1,1,-1,-1,-2
2,4,10,1,-3,1,-1,3,0,-1,-3,-3
2,4,12,1,-3,0,-1,3,3,-1,-3,-3
2,4,14,1,-3,1,-1,3,2,-1,-3,-3
2,4,16,1,-1,-2,-1,1,-3,-1,-1,2
2,4,34,1,-1,3,-1,1,-3,-1,-1,-2
2,4,42,1,-3,3,-1,3,-1,-1,-3,-2
2,4,48,1,-1,0,-1,1,-3,-1,-1,2
2,4,50,1,-1,1,-1,1,-3,-1,-1,2
2,4,68,1,-1,-2,-1,1,2,-1,-1,-1
2,4,76,1,-3,-1,-1,3,3,-1,-3,-2
2,4,80,1,-1,-3,-1,1,-2,-1,-1,3
2,4,84,1,-1,-3,-1,1,1,-1,-1,2
2,4,112,1,-1,-2,-1,1,-2,-1,-1,3
2,4,142,1,-3,1,-1,3,3,-1,-3,-3
2,4,170,1,-3,3,-1,3,0,-1,-3,-2
2,4,174,1,-3,3,-1,3,2,-1,-3,-2
2,4,178,1,-1,1,-1,1,-3,-1,-1,3
2,4,186,1,-3,3,-1,3,-1,-1,-3,1
2,4,204,1,-3,0,-1,3,3,-1,-3,-2
2,4,206,1,-3,2,-1,3,3,-1,-3,-2
2,4,212,1,-1,-3,-1,1,1,-1,-1,3
2,4,220,1,-3,-1,-1,3,3,-1,-3,1
2,4,238,1,-3,3,-1,3,3,-1,-3,-2
2,4,240,1,-1,0,-1,1,-2,-1,-1,3
2,4,242,1,-1,1,-1,1,-2,-1,-1,3
2,4,244,1,-1,-2,-1,1,1,-1,-1,3
2,4,250,1,-3,3,-1,3,0,-1,-3,1
2,4,252,1,-3,0,-1,3,3,-1,-3,1
2,4,254,1,-3,3,-1,3,3,-1,-3,1
2,10,10,1,3,1,-1,-2,0,-1,-3,-1
2,10,12,1,3,0,-1,-2,1,-1,-3,-1
2,10,14,1,3,1,-1,-2,2,-1,-3,-3
2,10,16,1,2,-2,-1,-1,-3,-1,-2,2
2,10,34,1,2,2,-1,-1,-3,-1,-2,-1
2,10,42,1,3,2,-1,-2,-1,-1,-3,-1
2,10,48,1,2,0,-1,-1,-3,-1,-2,2
2,10,50,1,2,1,-1,-1,-3,-1,-2,2
2,10,68,1,2,-2,-1,-1,2,-1,-2,-1
2,10,76,1,3,-1,-1,-2,2,-1,-3,-1
2,10,80,1,2,-3,-1,-1,-2,-1,-2,3
2,10,84,1,2,-3,-1,-1,1,-1,-2,2
2,10,112,1,2,-2,-1,-1,-2,-1,-2,3
2,10,142,1,3,1,-1,-2,1,-1,-3,-1
2,10,170,1,3,2,-1,-2,0,-1,-3,-1
2,10,174,1,3,2,-1,-2,1,-1,-3,-1
2,10,178,1,2,1,-1,-1,-3,-1,-2,3
2,10,186,1,3,2,-1,-2,-1,-1,-3,1
2,10,204,1,3,0,-1,-2,2,-1,-3,-1
2,10,206,1,3,1,-1,-2,2,-1,-3,-1
2,10,212,1,2,-3,-1,-1,1,-1,-2,3
2,10,220,1,3,-1,-1,-2,2,-1,-3,1
2,10,238,1,3,2,-1,-2,2,-1,-3,-1
2,10,240,1,2,0,-1,-1,-2,-1,-2,3
2,10,242,1,2,1,-1,-1,-2,-1,-2,3
2,10,244,1,2,-2,-1,-1,1,-1,-2,3
2,10,250,1,3,1,-1,-2,0,-1,-3,1
2,10,252,1,3,0,-1,-2,2,-1,-3,1
2,10,254,1,3,1,-1,-2,2,-1,-3,1
2,12,12,1,-2,0,-1,3,3,-1,-3,-3
2,12,14,1,-2,1,-1,3,2,-1,-3,-3
2,12,16,1,-1,-2,-1,2,-3,-1,-2,2
2,12,34,1,-1,2,-1,2,-3,-1,-2,-1
2,12,42,1,-2,3,-1,3,-1,-1,-3,-2
2,12,48,1,-1,0,-1,2,-3,-1,-2,2
2,12,50,1,-1,1,-1,2,-3,-1,-2,2
2,12,68,1,-1,-2,-1,2,2,-1,-2,-1
2,12,76,1,-2,-1,-1,3,3,-1,-3,-2
2,12,80,1,-1,-3,-1,2,-2,-1,-2,3
2,12,84,1,-1,-3,-1,2,1,-1,-2,2
2,12,112,1,-1,-2,-1,2,-2,-1,-2,3
2,12,142,1,-2,1,-1,3,3,-1,-3,-3
2,12,170,1,-2,3,-1,3,0,-1,-3,-2
2,12,174,1,-2,3,-1,3,2,-1,-3,-2
2,12,178,1,-1,1,-1,2,-3,-1,-2,3
2,12,186,1,-2,3,-1,3,-1,-1,-3,1
2,12,204,1,-2,0,-1,3,3,-1,-3,-2
2,12,206,1,-2,2,-1,3,3,-1,-3,-2
2,12,212,1,-1,-3,-1,2,1,-1,-2,3
2,12,220,1,-2,-1,-1,3,3,-1,-3,1
2,12,238,1,-2,3,-1,3,3,-1,-3,-2
2,12,240,1,-1,0,-1,2,-2,-1,-2,3
2,12,242,1,-1,1,-1,2,-2,-1,-2,3
2,12,244,1,-1,-2,-1,2,1,-1,-2,3
2,12,250,1,-2,3,-1,3,0,-1,-3,1
2,12,252,1,-2,0,-1,3,3,-1,-3,1
2,12,254,1,-2,3,-1,3,3,-1,-3,1
2,14,14,1,2,1,-1,1,2,-1,-3,-3
2,14,16,1,2,-2,-1,1,-3,-1,-3,2
2,14,34,1,2,2,-1,1,-3,-1,-3,-1
2,14,42,1,2,3,-1,1,-1,-1,-3,-2
2,14,48,1,2,0,-1,1,-3,-1,-3,2
2,14,50,1,2,1,-1,1,-3,-1,-3,2
2,14,68,1,2,-2,-1,1,2,-1,-3,-1
2,14,76,1,2,-1,-1,1,3,-1,-3,-2
2,14,80,1,2,-3,-1,1,-2,-1,-3,3
2,14,84,1,2,-3,-1,1,1,-1,-3,2
2,14,112,1,2,-2,-1,1,-2,-1,-3,3
2,14,142,1,2,1,-1,1,3,-1,-3,-3
2,14,170,1,2,3,-1,1,0,-1,-3,-2
2,14,174,1,2,3,-1,1,2,-1,-3,-2
2,14,178,1,2,1,-1,1,-3,-1,-3,3
2,14,186,1,2,3,-1,1,-1,-1,-3,1
2,14,204,1,2,0,-1,1,3,-1,-3,-2
2,14,206,1,2,2,-1,1,3,-1,-3,-2
2,14,212,1,2,-3,-1,1,1,-1,-3,3
2,14,220,1,2,-1,-1,1,3,-1,-3,1
2,14,238,1,2,3,-1,1,3,-1,-3,-2
2,14,240,1,2,0,-1,1,-2,-1,-3,3
2,14,242,1,2,1,-1,1,-2,-1,-3,3
2,14,244,1,2,-2,-1,1,1,-1,-3,3
2,14,250,1,2,3,-1,1,0,-1,-3,1
2,14,252,1,2,0,-1,1,3,-1,-3,1
2,14,254,1,2,3,-1,1,3,-1,-3,1
2,16,16,1,-2,-2,-1,-2,-3,-1,2,2
2,16,34,1,-3,3,-1,-3,-3,-1,3,-2
2,16,42,1,-3,3,-1,-3,-1,-1,3,-2
2,16,48,1,-2,0,-1,-2,-3,-1,2,2
2,16,50,1,-1,1,-1,-1,-3,-1,1,2
2,16,68,1,-3,-2,-1,-3,2,-1,3,-1
2,16,76,1,-3,-1,-1,-3,3,-1,3,-2
2,16,80,1,-2,-3,-1,-2,-2,-1,2,3
2,16,84,1,-2,-3,-1,-2,1,-1,2,2
2,16,112,1,-2,-2,-1,-2,-2,-1,2,3
2,16,142,1,-3,1,-1,-3,3,-1,3,-3
2,16,170,1,-3,3,-1,-3,0,-1,3,-2
2,16,174,1,-3,3,-1,-3,2,-1,3,-2
2,16,178,1,-2,1,-1,-2,-3,-1,2,3
2,16,186,1,-3,3,-1,-3,-1,-1,3,1
2,16,204,1,-3,0,-1,-3,3,-1,3,-2
2,16,206,1,-3,2,-1,-3,3,-1,3,-2
2,16,212,1,-2,-3,-1,-2,1,-1,2,3
2,16,220,1,-3,-1,-1,-3,3,-1,3,1
2,16,238,1,-3,3,-1,-3,3,-1,3,-2
2,16,240,1,-2,0,-1,-2,-2,-1,2,3
2,16,242,1,-2,1,-1,-2,-2,-1,2,3
2,16,244,1,-2,-2,-1,-2,1,-1,2,3
2,16,250,1,-3,3,-1,-3,0,-1,3,1
2,16,252,1,-3,0,-1,-3,3,-1,3,1
2,16,254,1,-3,3,-1,-3,3,-1,3,1
2,34,34,1,1,2,-1,-1,-2,-1,0,-1
2,34,42,1,3,3,-1,-3,-1,-1,-2,-2
2,34,48,1,1,-1,-1,-1,-2,-1,0,2
2,34,50,1,1,1,-1,-1,-3,-1,0,2
2,34,68,1,1,-2,-1,-1,2,-1,0,-1
2,34,76,1,3,-1,-1,-3,3,-1,-2,-2
2,34,80,1,1,-2,-1,-1,-1,-1,0,2
2,34,84,1,1,-2,-1,-1,1,-1,0,1
2,34,112,1,1,-2,-1,-1,-1,-1,0,3
2,34,142,1,3,1,-1,-3,3,-1,-2,-3
2,34,170,1,3,3,-1,-3,0,-1,-2,-2
2,34,174,1,3,3,-1,-3,2,-1,-2,-2
2,34,178,1,1,1,-1,-1,-3,-1,0,3
2,34,186,1,3,3,-1,-3,-1,-1,-2,1
2,34,204,1,3,0,-1,-3,3,-1,-2,-2
2,34,206,1,3,2,-1,-3,3,-1,-2,-2
2,34,212,1,1,-2,-1,-1,2,-1,0,1
2,34,220,1,3,-1,-1,-3,3,-1,-2,1
2,34,238,1,3,3,-1,-3,3,-1,-2,-2
2,34,240,1,1,-1,-1,-1,-1,-1,0,3
2,34,242,1,1,1,-1,-1,-2,-1,0,3
2,34,244,1,1,-2,-1,-1,2,-1,0,3
2,34,250,1,3,3,-1,-3,0,-1,-2,1
2,34,252,1,3,0,-1,-3,3,-1,-2,1
2,34,254,1,3,3,-1,-3,3,-1,-2,1
2,42,42,1,3,3,-1,-2,-1,-1,-2,-2
2,42,48,1,2,0,-1,-1,-3,-1,-1,2
2,42,50,1,2,1,-1,-1,-3,-1,-1,2
2,42,68,1,2,-2,-1,-1,2,-1,-1,-1
2,42,76,1,3,-1,-1,-2,3,-1,-2,-2
2,42,80,1,2,-3,-1,-1,-2,-1,-1,3
2,42,84,1,2,-3,-1,-1,1,-1,-1,2
2,42,112,1,2,-2,-1,-1,-2,-1,-1,3
2,42,142,1,3,1,-1,-2,3,-1,-2,-3
2,42,170,1,3,3,-1,-2,0,-1,-2,-2
2,42,174,1,3,3,-1,-2,2,-1,-2,-2
2,42,178,1,2,1,-1,-1,-3,-1,-1,3
2,42,186,1,3,3,-1,-2,-1,-1,-2,1
2,42,204,1,3,0,-1,-2,3,-1,-2,-2
2,42,206,1,3,2,-1,-2,3,-1,-2,-2
2,42,212,1,2,-3,-1,-1,1,-1,-1,3
2,42,220,1,3,-1,-1,-2,3,-1,-2,1
2,42,238,1,3,3,-1,-2,3,-1,-2,-2
2,42,240,1,2,0,-1,-1,-2,-1,-1,3
2,42,242,1,2,1,-1,-1,-2,-1,-1,3
2,42,244,1,2,-2,-1,-1,1,-1,-1,3
2,42,250,1,3,3,-1,-2,0,-1,-2,1
2,42,252,1,3,0,-1,-2,3,-1,-2,1
2,42,254,1,3,3,-1,-2,3,-1,-2,1
2,48,48,1,-2,0,-1,-3,-3,-1,3,2
2,48,50,1,-2,1,-1,-3,-3,-1,3,2
2,48,68,1,-2,-2,-1,-3,2,-1,3,-1
2,48,76,1,-2,-1,-1,-3,3,-1,3,-2
2,48,80,1,-2,-3,-1,-3,-2,-1,3,3
2,48,84,1,-2,-3,-1,-3,1,-1,3,2
2,48,112,1,-2,-2,-1,-3,-2,-1,3,3
2,48,142,1,-2,1,-1,-3,3,-1,3,-3
2,48,170,1,-2,3,-1,-3,0,-1,3,-2
2,48,174,1,-2,3,-1,-3,2,-1,3,-2
2,48,178,1,-2,1,-1,-3,-3,-1,3,3
2,48,186,1,-2,3,-1,-3,-1,-1,3,1
2,48,204,1,-2,0,-1,-3,3,-1,3,-2
2,48,206,1,-2,2,-1,-3,3,-1,3,-2
2,48,212,1,-2,-3,-1,-3,1,-1,3,3
2,48,220,1,-2,-1,-1,-3,3,-1,3,1
2,48,238,1,-2,3,-1,-3,3,-1,3,-2
2,48,240,1,-2,0,-1,-3,-2,-1,3,3
2,48,242,1,-2,1,-1,-3,-2,-1,3,3
2,48,244,1,-2,-2,-1,-3,1,-1,3,3
2,48,250,1,-2,3,-1,-3,0,-1,3,1
2,48,252,1,-2,0,-1,-3,3,-1,3,1
2,48,254,1,-2,3,-1,-3,3,-1,3,1
2,50,50,1,1,1,-1,-2,-3,-1,1,2
2,50,68,1,1,-2,-1,-2,2,-1,1,-1
2,50,76,1,2,-1,-1,-3,3,-1,1,-2
2,50,80,1,1,-2,-1,-2,-1,-1,1,2
2,50,84,1,1,-2,-1,-2,1,-1,1,1
2,50,112,1,1,-2,-1,-2,-2,-1,1,3
2,50,142,1,2,1,-1,-3,3,-1,1,-3
2,50,170,1,2,3,-1,-3,0,-1,1,-2
2,50,174,1,2,3,-1,-3,2,-1,1,-2
2,50,178,1,1,1,-1,-2,-3,-1,1,3
2,50,186,1,2,3,-1,-3,-1,-1,1,1
2,50,204,1,2,0,-1,-3,3,-1,1,-2
2,50,206,1,2,2,-1,-3,3,-1,1,-2
2,50,212,1,1,-2,-1,-2,2,-1,1,1
2,50,220,1,2,-1,-1,-3,3,-1,1,1
2,50,238,1,2,3,-1,-3,3,-1,1,-2
2,50,240,1,1,-1,-1,-2,-1,-1,1,3
2,50,242,1,1,1,-1,-2,-2,-1,1,3
2,50,244,1,1,-2,-1,-2,2,-1,1,3
2,50,250,1,2,3,-1,-3,0,-1,1,1
2,50,252,1,2,0,-1,-3,3,-1,1,1
2,50,254,1,2,3,-1,-3,3,-1,1,1
2,68,68,1,-1,-2,-1,1,2,-1,0,-1
2,68,76,1,-3,-1,-1,3,3,-1,-2,-2
2,68,80,1,-1,-3,-1,1,-2,-1,0,3
2,68,84,1,-1,-3,-1,1,1,-1,0,2
2,68,112,1,-1,-2,-1,1,-2,-1,0,3
2,68,142,1,-3,1,-1,3,3,-1,-2,-3
2,68,170,1,-3,3,-1,3,0,-1,-2,-2
2,68,174,1,-3,3,-1,3,2,-1,-2,-2
2,68,178,1,-1,1,-1,1,-3,-1,0,3
2,68,186,1,-3,3,-1,3,-1,-1,-2,1
2,68,204,1,-3,0,-1,3,3,-1,-2,-2
2,68,206,1,-3,2,-1,3,3,-1,-2,-2
2,68,212,1,-1,-3,-1,1,1,-1,0,3
2,68,220,1,-3,-1,-1,3,3,-1,-2,1
2,68,238,1,-3,3,-1,3,3,-1,-2,-2
2,68,240,1,-1,0,-1,1,-2,-1,0,3
2,68,242,1,-1,1,-1,1,-2,-1,0,3
2,68,244,1,-1,-2,-1,1,1,-1,0,3
2,68,250,1,-3,3,-1,3,0,-1,-2,1
2,68,252,1,-3,0,-1,3,3,-1,-2,1
2,68,254,1,-3,3,-1,3,3,-1,-2,1
2,76,76,1,-2,-1,-1,3,3,-1,-2,-2
2,76,80,1,-1,-3,-1,2,-2,-1,-1,3
2,76,84,1,-1,-3,-1,2,1,-1,-1,2
2,76,112,1,-1,-2,-1,2,-2,-1,-1,3
2,76,142,1,-2,1,-1,3,3,-1,-2,-3
2,76,170,1,-2,3,-1,3,0,-1,-2,-2
2,76,174,1,-2,3,-1,3,2,-1,-2,-2
2,76,178,1,-1,1,-1,2,-3,-1,-1,3
2,76,186,1,-2,3,-1,3,-1,-1,-2,1
2,76,204,1,-2,0,-1,3,3,-1,-2,-2
2,76,206,1,-2,2,-1,3,3,-1,-2,-2
2,76,212,1,-1,-3,-1,2,1,-1,-1,3
2,76,220,1,-2,-1,-1,3,3,-1,-2,1
2,76,238,1,-2,3,-1,3,3,-1,-2,-2
2,76,240,1,-1,0,-1,2,-2,-1,-1,3
2,76,242,1,-1,1,-1,2,-2,-1,-1,3
2,76,244,1,-1,-2,-1,2,1,-1,-1,3
2,76,250,1,-2,3,-1,3,0,-1,-2,1
2,76,252,1,-2,0,-1,3,3,-1,-2,1
2,76,254,1,-2,3,-1,3,3,-1,-2,1
2,80,80,1,-2,-3,-1,-1,-2,-1,2,3
2,80,84,1,-2,-3,-1,-1,1,-1,2,2
2,80,112,1,-2,-2,-1,-1,-2,-1,2,3
2,80,142,1,-3,1,-1,-2,3,-1,3,-3
2,80,170,1,-3,3,-1,-2,0,-1,3,-2
2,80,174,1,-3,3,-1,-2,2,-1,3,-2
2,80,178,1,-2,1,-1,-1,-3,-1,2,3
2,80,186,1,-3,3,-1,-2,-1,-1,3,1
2,80,204,1,-3,0,-1,-2,3,-1,3,-2
2,80,206,1,-3,2,-1,-2,3,-1,3,-2
2,80,212,1,-2,-3,-1,-1,1,-1,2,3
2,80,220,1,-3,-1,-1,-2,3,-1,3,1
2,80,238,1,-3,3,-1,-2,3,-1,3,-2
2,80,240,1,-2,0,-1,-1,-2,-1,2,3
2,80,242,1,-2,1,-1,-1,-2,-1,2,3
2,80,244,1,-2,-2,-1,-1,1,-1,2,3
2,80,250,1,-3,3,-1,-2,0,-1,3,1
2,80,252,1,-3,0,-1,-2,3,-1,3,1
2,80,254,1,-3,3,-1,-2,3,-1,3,1
2,84,84,1,-2,-3,-1,1,1,-1,1,2
2,84,112,1,-2,-2,-1,1,-2,-1,1,3
2,84,142,1,-3,1,-1,2,3,-1,1,-3
2,84,170,1,-3,3,-1,2,0,-1,1,-2
2,84,174,1,-3,3,-1,2,2,-1,1,-2
2,84,178,1,-2,1,-1,1,-3,-1,1,3
2,84,186,1,-3,3,-1,2,-1,-1,1,1
2,84,204,1,-3,0,-1,2,3,-1,1,-2
2,84,206,1,-3,2,-1,2,3,-1,1,-2
2,84,212,1,-2,-3,-1,1,1,-1,1,3
2,84,220,1,-3,-1,-1,2,3,-1,1,1
2,84,238,1,-3,3,-1,2,3,-1,1,-2
2,84,240,1,-2,0,-1,1,-2,-1,1,3
2,84,242,1,-2,1,-1,1,-2,-1,1,3
2,84,244,1,-2,-2,-1,1,1,-1,1,3
2,84,250,1,-3,3,-1,2,0,-1,1,1
2,84,252,1,-3,0,-1,2,3,-1,1,1
2,84,254,1,-3,3,-1,2,3,-1,1,1
2,112,112,1,-2,-2,-1,-2,-2,-1,3,3
2,112,142,1,-2,1,-1,-2,3,-1,3,-3
2,112,170,1,-2,3,-1,-2,0,-1,3,-2
2,112,174,1,-2,3,-1,-2,2,-1,3,-2
2,112,178,1,-2,1,-1,-2,-3,-1,3,3
2,112,186,1,-2,3,-1,-2,-1,-1,3,1
2,112,204,1,-2,0,-1,-2,3,-1,3,-2
2,112,206,1,-2,2,-1,-2,3,-1,3,-2
2,112,212,1,-2,-3,-1,-2,1,-1,3,3
2,112,220,1,-2,-1,-1,-2,3,-1,3,1
2,112,238,1,-2,3,-1,-2,3,-1,3,-2
2,112,240,1,-2,0,-1,-2,-2,-1,3,3
2,112,242,1,-2,1,-1,-2,-2,-1,3,3
2,112,244,1,-2,-2,-1,-2,1,-1,3,3
2,112,250,1,-2,3,-1,-2,0,-1,3,1
2,112,252,1,-2,0,-1,-2,3,-1,3,1
2,112,254,1,-2,3,-1,-2,3,-1,3,1
2,142,142,1,3,1,-1,3,3,-1,-3,-3
2,142,170,1,3,3,-1,3,0,-1,-3,-2
2,142,174,1,3,3,-1,3,2,-1,-3,-2
2,142,178,1,2,1,-1,3,-3,-1,-3,3
2,142,186,1,3,3,-1,3,-1,-1,-3,1
2,142,204,1,3,0,-1,3,3,-1,-3,-2
2,142,206,1,3,2,-1,3,3,-1,-3,-2
2,142,212,1,2,-3,-1,3,1,-1,-3,3
2,142,220,1,3,-1,-1,3,3,-1,-3,1
2,142,238,1,3,3,-1,3,3,-1,-3,-2
2,142,240,1,2,0,-1,3,-2,-1,-3,3
2,142,242,1,2,1,-1,3,-2,-1,-3,3
2,142,244,1,2,-2,-1,3,1,-1,-3,3
2,142,250,1,3,3,-1,3,0,-1,-3,1
2,142,252,1,3,0,-1,3,3,-1,-3,1
2,142,254,1,3,3,-1,3,3,-1,-3,1
2,170,170,1,3,3,-1,-1,0,-1,-1,-2
2,170,174,1,3,3,-1,-1,2,-1,-1,-2
2,170,178,1,2,1,-1,-1,-3,-1,0,3
2,170,186,1,3,3,-1,-1,-1,-1,-1,1
2,170,204,1,3,0,-1,-1,3,-1,-1,-2
2,170,206,1,3,2,-1,-1,3,-1,-1,-2
2,170,212,1,2,-3,-1,-1,1,-1,0,3
2,170,220,1,3,-1,-1,-1,3,-1,-1,1
2,170,238,1,3,3,-1,-1,3,-1,-1,-2
2,170,240,1,2,0,-1,-1,-2,-1,0,3
2,170,242,1,2,1,-1,-1,-2,-1,0,3
2,170,244,1,2,-2,-1,-1,1,-1,0,3
2,170,250,1,3,3,-1,-1,0,-1,-1,1
2,170,252,1,3,0,-1,-1,3,-1,-1,1
2,170,254,1,3,3,-1,-1,3,-1,-1,1
2,174,174,1,3,3,-1,2,2,-1,-2,-2
2,174,178,1,3,1,-1,2,-3,-1,-2,3
2,174,186,1,3,3,-1,2,-1,-1,-2,1
2,174,204,1,3,0,-1,2,3,-1,-2,-2
2,174,206,1,3,2,-1,2,3,-1,-2,-2
2,174,212,1,3,-3,-1,2,1,-1,-2,3
2,174,220,1,3,-1,-1,2,3,-1,-2,1
2,174,238,1,3,3,-1,2,3,-1,-2,-2
2,174,240,1,3,0,-1,2,-2,-1,-2,3
2,174,242,1,3,1,-1,2,-2,-1,-2,3
2,174,244,1,3,-2,-1,2,1,-1,-2,3
2,174,250,1,3,3,-1,2,0,-1,-2,1
2,174,252,1,3,0,-1,2,3,-1,-2,1
2,174,254,1,3,3,-1,2,3,-1,-2,1
2,178,178,1,1,1,-1,-1,-3,-1,1,3
2,178,186,1,3,3,-1,-3,-1,-1,3,1
2,178,204,1,3,0,-1,-3,3,-1,3,-2
2,178,206,1,3,2,-1,-3,3,-1,3,-2
2,178,212,1,1,-2,-1,-1,2,-1,1,1
2,178,220,1,3,-1,-1,-3,3,-1,3,1
2,178,238,1,3,3,-1,-3,3,-1,3,-2
2,178,240,1,1,-1,-1,-1,-1,-1,1,3
2,178,242,1,1,1,-1,-1,-2,-1,1,3
2,178,244,1,1,-2,-1,-1,2,-1,1,3
2,178,250,1,3,3,-1,-3,0,-1,3,1
2,178,252,1,3,0,-1,-3,3,-1,3,1
2,178,254,1,3,3,-1,-3,3,-1,3,1
2,186,186,1,3,3,-1,-2,-1,-1,2,1
2,186,204,1,3,0,-1,-2,3,-1,2,-2
2,186,206,1,3,2,-1,-2,3,-1,2,-2
2,186,212,1,3,-3,-1,-2,1,-1,2,3
2,186,220,1,3,-1,-1,-2,3,-1,2,1
2,186,238,1,3,3,-1,-2,3,-1,2,-2
2,186,240,1,3,0,-1,-2,-2,-1,2,3
2,186,242,1,3,1,-1,-2,-2,-1,2,3
2,186,244,1,3,-2,-1,-2,1,-1,2,3
2,186,250,1,3,3,-1,-2,0,-1,2,1
2,186,252,1,3,0,-1,-2,3,-1,2,1
2,186,254,1,3,3,-1,-2,3,-1,2,1
2,204,204,1,-1,0,-1,3,3,-1,-1,-2
2,204,206,1,-1,2,-1,3,3,-1,-1,-2
2,204,212,1,-1,-3,-1,3,1,-1,-1,3
2,204,220,1,-1,-1,-1,3,3,-1,-1,1
2,204,238,1,-1,3,-1,3,3,-1,-1,-2
2,204,240,1,-1,0,-1,3,-2,-1,-1,3
2,204,242,1,-1,1,-1,3,-2,-1,-1,3
2,204,244,1,-1,-2,-1,3,1,-1,-1,3
2,204,250,1,-1,3,-1,3,0,-1,-1,1
2,204,252,1,-1,0,-1,3,3,-1,-1,1
2,204,254,1,-1,3,-1,3,3,-1,-1,1
2,206,206,1,2,2,-1,3,3,-1,-2,-2
2,206,212,1,2,-3,-1,3,1,-1,-2,3
2,206,220,1,2,-1,-1,3,3,-1,-2,1
2,206,238,1,2,3,-1,3,3,-1,-2,-2
2,206,240,1,2,0,-1,3,-2,-1,-2,3
2,206,242,1,2,1,-1,3,-2,-1,-2,3
2,206,244,1,2,-2,-1,3,1,-1,-2,3
2,206,250,1,2,3,-1,3,0,-1,-2,1
2,206,252,1,2,0,-1,3,3,-1,-2,1
2,206,254,1,2,3,-1,3,3,-1,-2,1
2,212,212,1,-1,-3,-1,1,1,-1,1,3
2,212,220,1,-3,-1,-1,3,3,-1,3,1
2,212,238,1,-3,3,-1,3,3,-1,3,-2
2,212,240,1,-1,0,-1,1,-2,-1,1,3
2,212,242,1,-1,1,-1,1,-2,-1,1,3
2,212,244,1,-1,-2,-1,1,1,-1,1,3
2,212,250,1,-3,3,-1,3,0,-1,3,1
2,212,252,1,-3,0,-1,3,3,-1,3,1
2,212,254,1,-3,3,-1,3,3,-1,3,1
2,220,220,1,-2,-1,-1,3,3,-1,2,1
2,220,238,1,-2,3,-1,3,3,-1,2,-2
2,220,240,1,-1,0,-1,3,-2,-1,1,3
2,220,242,1,-1,1,-1,3,-2,-1,1,3
2,220,244,1,-1,-2,-1,3,1,-1,1,3
2,220,250,1,-2,3,-1,3,0,-1,2,1
2,220,252,1,-2,0,-1,3,3,-1,2,1
2,220,254,1,-2,3,-1,3,3,-1,2,1
2,238,238,1,3,3,-1,3,3,-1,-2,-2
2,238,240,1,3,0,-1,3,-2,-1,-2,3
2,238,242,1,3,1,-1,3,-2,-1,-2,3
2,238,244,1,3,-2,-1,3,1,-1,-2,3
2,238,250,1,3,3,-1,3,0,-1,-2,1
2,238,252,1,3,0,-1,3,3,-1,-2,1
2,238,254,1,3,3,-1,3,3,-1,-2,1
2,240,240,1,-1,0,-1,-1,-2,-1,3,3
2,240,242,1,-1,1,-1,-1,-2,-1,3,3
2,240,244,1,-1,-2,-1,-1,1,-1,3,3
2,240,250,1,-1,3,-1,-1,0,-1,3,1
2,240,252,1,-1,0,-1,-1,3,-1,3,1
2,240,254,1,-1,3,-1,-1,3,-1,3,1
2,242,242,1,1,1,-1,-1,-2,-1,2,3
2,242,244,1,1,-2,-1,-1,2,-1,2,3
2,242,250,1,2,3,-1,-2,0,-1,3,1
2,242,252,1,2,0,-1,-2,3,-1,3,1
2,242,254,1,2,3,-1,-2,3,-1,3,1
2,244,244,1,-1,-2,-1,1,1,-1,2,3
2,244,250,1,-2,3,-1,2,0,-1,3,1
2,244,252,1,-2,0,-1,2,3,-1,3,1
2,244,254,1,-2,3,-1,2,3,-1,3,1
2,250,250,1,3,3,-1,-2,0,-1,3,1
2,250,252,1,3,0,-1,-2,3,-1,3,1
2,250,254,1,3,3,-1,-2,3,-1,3,1
2,252,252,1,-2,0,-1,3,3,-1,3,1
2,252,254,1,-2,3,-1,3,3,-1,3,1
2,254,254,1,3,3,-1,3,3,-1,3,1
4,4,4,-1,-1,-1,1,1,1,-1,-1,-2
4,4,10,-1,-3,1,1,3,0,-1,-3,-3
4,4,12,-1,-3,0,1,1,3,-1,-1,-3
4,4,14,-1,-3,1,1,1,2,-1,-1,-3
4,4,16,-1,-1,-2,1,1,-3,-1,-1,2
4,4,34,-1,-1,3,1,1,-3,-1,-1,-2
4,4,42,-1,-3,3,1,1,-1,-1,-1,-2
4,4,48,-1,-1,0,1,1,-3,-1,-1,2
4,4,50,-1,-1,1,1,1,-3,-1,-1,2
4,4,68,-1,-1,-2,1,1,2,-1,-1,-1
4,4,76,-1,-3,-1,1,1,3,-1,-1,-2
4,4,80,-1,-1,-3,1,1,-2,-1,-1,3
4,4,84,-1,-1,-3,1,1,1,-1,-1,2
4,4,112,-1,-1,-2,1,1,-2,-1,-1,3
4,4,142,-1,-3,1,1,3,3,-1,-3,-3
4,4,170,-1,-3,3,1,1,0,-1,-1,-2
4,4,174,-1,-3,3,1,1,2,-1,-1,-2
4,4,178,-1,-1,1,1,1,-3,-1,-1,3
4,4,186,-1,-3,3,1,1,-1,-1,-1,1
4,4,204,-1,-3,0,1,1,3,-1,-1,-2
4,4,206,-1,-3,2,1,3,3,-1,-3,-2
4,4,212,-1,-1,-3,1,1,1,-1,-1,3
4,4,220,-1,-3,-1,1,3,3,-1,-3,1
4,4,238,-1,-3,3,1,1,3,-1,-1,-2
4,4,240,-1,-1,0,1,1,-2,-1,-1,3
4,4,242,-1,-1,1,1,1,-2,-1,-1,3
4,4,244,-1,-1,-2,1,1,1,-1,-1,3
4,4,250,-1,-3,3,1,1,0,-1,-1,1
4,4,252,-1,-3,0,1,1,3,-1,-1,1
4,4,254,-1,-3,3,1,1,3,-1,-1,1
4,10,10,-2,3,1,1,-2,0,-1,-3,-1
4,10,12,-1,3,0,1,-2,1,-1,-3,-1
4,10,14,-2,3,1,1,-2,1,-1,-3,-2
4,10,16,-1,2,-2,1,-1,-3,-1,-2,2
4,10,34,-1,2,3,1,-1,-3,-1,-2,-2
4,10,42,-2,3,2,1,-2,-1,-1,-3,-1
4,10,48,-1,2,0,1,-1,-3,-1,-2,2
4,10,50,-1,2,1,1,-1,-3,-1,-2,2
4,10,68,-1,2,-2,1,-1,2,-1,-2,-1
4,10,76,-2,3,-1,1,-2,2,-1,-3,-1
4,10,80,-1,2,-3,1,-1,-2,-1,-2,3
4,10,84,-1,2,-3,1,-1,1,-1,-2,2
4,10,112,-1,2,-2,1,-1,-2,-1,-2,3
4,10,142,-2,3,1,1,-2,1,-1,-3,-1
4,10,170,-2,3,2,1,-2,0,-1,-3,-1
4,10,174,-2,3,2,1,-2,1,-1,-3,-1
4,10,178,-1,2,1,1,-1,-3,-1,-2,3
4,10,186,-2,3,2,1,-2,-1,-1,-3,1
4,10,204,-1,3,0,1,-2,2,-1,-3,-1
4,10,206,-2,3,1,1,-2,2,-1,-3,-1
4,10,212,-1,2,-3,1,-1,1,-1,-2,3
4,10,220,-2,3,-1,2,-2,2,-2,-3,1
4,10,238,-2,3,2,1,-2,2,-1,-3,-1
4,10,240,-1,2,0,1,-1,-2,-1,-2,3
4,10,242,-1,2,1,1,-1,-2,-1,-2,3
4,10,244,-1,2,-2,1,-1,1,-1,-2,3
4,10,250,-2,3,1,2,-2,0,-2,-3,1
4,10,252,-2,3,0,2,-2,2,-2,-3,1
4,10,254,-2,3,1,1,-2,2,-1,-3,1
4,12,12,-2,-2,0,2,3,3,-2,-3,-3
4,12,14,-2,-2,1,2,3,2,-2,-3,-3
4,12,16,-1,-1,-2,1,2,-3,-1,-2,2
4,12,34,-1,-1,3,1,2,-3,-1,-2,-2
4,12,42,-2,-2,3,2,3,-1,-2,-3,-2
4,12,48,-1,-1,0,1,2,-3,-1,-2,2
4,12,50,-1,-1,1,1,2,-3,-1,-2,2
4,12,68,-1,-1,-2,1,2,2,-1,-2,-1
4,12,76,-2,-2,-1,2,3,3,-2,-3,-2
4,12,80,-1,-1,-3,1,2,-2,-1,-2,3
4,12,84,-1,-1,-3,1,2,1,-1,-2,2
4,12,112,-1,-1,-2,1,2,-2,-1,-2,3
4,12,142,-2,-2,1,2,3,3,-2,-3,-3
4,12,170,-2,-2,3,2,3,0,-2,-3,-2
4,12,174,-2,-2,3,2,3,2,-2,-3,-2
4,12,178,-1,-1,1,1,2,-3,-1,-2,3
4,12,186,-2,-2,3,2,3,-1,-2,-3,1
4,12,204,-2,-2,0,2,3,3,-2,-3,-2
4,12,206,-2,-2,2,2,3,3,-2,-3,-2
4,12,212,-1,-1,-3,1,2,1,-1,-2,3
4,12,220,-2,-2,-1,2,3,3,-2,-3,1
4,12,238,-2,-2,3,2,3,3,-2,-3,-2
4,12,240,-1,-1,0,1,2,-2,-1,-2,3
4,12,242,-1,-1,1,1,2,-2,-1,-2,3
4,12,244,-1,-1,-2,1,2,1,-1,-2,3
4,12,250,-2,-2,3,2,3,0,-2,-3,1
4,12,252,-2,-2,0,2,3,3,-2,-3,1
4,12,254,-2,-2,3,2,3,3,-2,-3,1
4,14,14,-2,2,1,1,1,2,-1,-3,-3
4,14,16,-1,2,-2,1,1,-3,-1,-3,2
4,14,34,-1,2,3,1,1,-3,-1,-3,-2
4,14,42,-2,2,3,1,1,-1,-1,-3,-2
4,14,48,-1,2,0,1,1,-3,-1,-3,2
4,14,50,-1,2,1,1,1,-3,-1,-3,2
4,14,68,-1,2,-2,1,1,2,-1,-3,-1
4,14,76,-2,2,-1,1,1,3,-1,-3,-2
4,14,80,-1,2,-3,1,1,-2,-1,-3,3
4,14,84,-1,2,-3,1,1,1,-1,-3,2
4,14,112,-1,2,-2,1,1,-2,-1,-3,3
4,14,142,-1,2,1,1,1,3,-1,-3,-3
4,14,170,-2,2,3,1,1,0,-1,-3,-2
4,14,174,-2,2,3,1,1,2,-1,-3,-2
4,14,178,-1,2,1,1,1,-3,-1,-3,3
4,14,186,-2,2,3,1,1,-1,-1,-3,1
4,14,204,-2,2,0,1,1,3,-1,-3,-2
4,14,206,-1,2,2,1,1,3,-1,-3,-2
4,14,212,-1,2,-3,1,1,1,-1,-3,3
4,14,220,-1,2,-1,1,1,3,-1,-3,1
4,14,238,-2,2,3,1,1,3,-1,-3,-2
4,14,240,-1,2,0,1,1,-2,-1,-3,3
4,14,242,-1,2,1,1,1,-2,-1,-3,3
4,14,244,-1,2,-2,1,1,1,-1,-3,3
4,14,250,-2,2,3,1,1,0,-1,-3,1
4,14,252,-2,2,0,1,1,3,-1,-3,1
4,14,254,-2,2,3,1,1,3,-1,-3,1
4,16,16,-1,-2,-2,1,-2,-3,-1,2,2
4,16,34,-1,-3,3,1,-3,-3,-1,3,-2
4,16,42,-1,-3,3,1,-3,-1,-1,3,-2
4,16,48,-1,-2,0,1,-2,-3,-1,2,2
4,16,50,-1,-2,1,1,-2,-3,-1,2,2
4,16,68,-1,-3,-2,1,-3,2,-1,3,-1
4,16,76,-1,-3,-1,1,-3,3,-1,3,-2
4,16,80,-1,-2,-3,1,-2,-2,-1,2,3
4,16,84,-1,-2,-3,1,-2,1,-1,2,2
4,16,112,-1,-2,-2,1,-2,-2,-1,2,3
4,16,142,-1,-3,1,1,-3,3,-1,3,-3
4,16,170,-1,-3,3,1,-3,0,-1,3,-2
4,16,174,-1,-3,3,1,-3,2,-1,3,-2
4,16,178,-1,-2,1,1,-2,-3,-1,2,3
4,16,186,-1,-3,3,1,-3,-1,-1,3,1
4,16,204,-1,-3,0,1,-3,3,-1,3,-2
4,16,206,-1,-3,2,1,-3,3,-1,3,-2
4,16,212,-1,-2,-3,1,-2,1,-1,2,3
4,16,220,-1,-3,-1,1,-3,3,-1,3,1
4,16,238,-1,-3,3,1,-3,3,-1,3,-2
4,16,240,-1,-2,0,1,-2,-2,-1,2,3
4,16,242,-1,-2,1,1,-2,-2,-1,2,3
4,16,244,-1,-2,-2,1,-2,1,-1,2,3
4,16,250,-1,-3,3,1,-3,0,-1,3,1
4,16,252,-1,-3,0,1,-3,3,-1,3,1
4,16,254,-1,-3,3,1,-3,3,-1,3,1
4,34,34,-1,2,3,1,-2,-3,-1,-1,-2
4,34,42,-1,3,3,1,-3,-1,-1,-2,-2
4,34,48,-1,2,0,1,-3,-3,-1,-1,2
4,34,50,-1,2,1,1,-3,-3,-1,-1,2
4,34,68,-1,2,-2,1,-2,2,-1,-1,-1
4,34,76,-1,3,-1,1,-3,3,-1,-2,-2
4,34,80,-1,2,-3,1,-3,-2,-1,-1,3
4,34,84,-1,2,-2,1,-3,1,-1,-1,1
4,34,112,-1,2,-2,1,-3,-2,-1,-1,3
4,34,142,-1,3,3,1,-3,3,-1,-2,-3
4,34,170,-1,3,3,1,-3,0,-1,-2,-2
4,34,174,-2,3,3,1,-3,2,-1,-2,-2
4,34,178,-1,2,1,1,-3,-3,-1,-1,3
4,34,186,-2,3,3,1,-3,-1,-1,-2,1
4,34,204,-2,3,0,1,-3,3,-1,-2,-2
4,34,206,-1,3,2,1,-3,3,-1,-2,-2
4,34,212,-1,2,-1,1,-3,1,-1,-1,1
4,34,220,-1,3,-1,1,-3,3,-1,-2,1
4,34,238,-1,3,3,1,-3,3,-1,-2,-2
4,34,240,-1,2,0,1,-3,-2,-1,-1,3
4,34,242,-1,2,1,1,-3,-2,-1,-1,3
4,34,244,-1,2,-1,1,-3,1,-1,-1,2
4,34,250,-1,3,3,1,-3,0,-1,-2,1
4,34,252,-2,3,0,1,-3,3,-1,-2,1
4,34,254,-1,3,3,1,-3,3,-1,-2,1
4,42,42,-2,3,3,2,-2,-1,-2,-2,-2
4,42,48,-1,2,0,1,-1,-3,-1,-1,2
4,42,50,-1,2,1,1,-1,-3,-1,-1,2
4,42,68,-1,2,-2,1,-1,2,-1,-1,-1
4,42,76,-2,3,-1,2,-2,3,-2,-2,-2
4,42,80,-1,2,-3,1,-1,-2,-1,-1,3
4,42,84,-1,2,-3,1,-1,1,-1,-1,2
4,42,112,-1,2,-2,1,-1,-2,-1,-1,3
4,42,142,-2,3,3,2,-2,3,-2,-2,-3
4,42,170,-2,3,3,2,-2,0,-2,-2,-2
4,42,174,-2,3,3,2,-2,2,-2,-2,-2
4,42,178,-1,2,1,1,-1,-3,-1,-1,3
4,42,186,-2,3,3,2,-2,-1,-2,-2,1
4,42,204,-2,3,0,2,-2,3,-2,-2,-2
4,42,206,-2,3,2,2,-2,3,-2,-2,-2
4,42,212,-1,2,-3,1,-1,1,-1,-1,3
4,42,220,-2,3,-1,2,-2,3,-2,-2,1
4,42,238,-2,3,3,2,-2,3,-2,-2,-2
4,42,240,-1,2,0,1,-1,-2,-1,-1,3
4,42,242,-1,2,1,1,-1,-2,-1,-1,3
4,42,244,-1,2,-2,1,-1,1,-1,-1,3
4,42,250,-2,3,3,2,-2,0,-2,-2,1
4,42,252,-2,3,0,2,-2,3,-2,-2,1
4,42,254,-2,3,3,2,-2,3,-2,-2,1
4,48,48,-1,-2,0,1,-3,-3,-1,3,2
4,48,50,-1,-2,1,1,-3,-3,-1,3,2
4,48,68,-1,-2,-2,1,-3,2,-1,3,-1
4,48,76,-1,-2,-1,1,-3,3,-1,3,-2
4,48,80,-1,-2,-3,1,-3,-2,-1,3,3
4,48,84,-1,-2,-3,1,-3,1,-1,3,2
4,48,112,-1,-2,-2,1,-3,-2,-1,3,3
4,48,142,-1,-2,1,1,-3,3,-1,3,-3
4,48,170,-1,-2,3,1,-3,0,-1,3,-2
4,48,174,-1,-2,3,1,-3,2,-1,3,-2
4,48,178,-1,-2,1,1,-3,-3,-1,3,3
4,48,186,-1,-2,3,1,-3,-1,-1,3,1
4,48,204,-1,-2,0,1,-3,3,-1,3,-2
4,48,206,-1,-2,2,1,-3,3,-1,3,-2
4,48,212,-1,-2,-3,1,-3,1,-1,3,3
4,48,220,-1,-2,-1,1,-3,3,-1,3,1
4,48,238,-1,-2,3,1,-3,3,-1,3,-2
4,48,240,-1,-2,0,1,-3,-2,-1,3,3
4,48,242,-1,-2,1,1,-3,-2,-1,3,3
4,48,244,-1,-2,-2,1,-3,1,-1,3,3
4,48,250,-1,-2,3,1,-3,0,-1,3,1
4,48,252,-1,-2,0,1,-3,3,-1,3,1
4,48,254,-1,-2,3,1,-3,3,-1,3,1
4,50,50,-1,1,1,1,-3,-3,-1,2,2
4,50,68,-1,1,-2,1,-2,2,-1,1,-1
4,50,76,-2,2,-1,1,-3,3,-1,1,-2
4,50,80,-1,1,-3,1,-3,-2,-1,2,3
4,50,84,-1,1,-3,1,-3,1,-1,2,2
4,50,112,-1,1,-2,1,-3,-2,-1,2,3
4,50,142,-1,2,1,1,-3,3,-1,1,-3
4,50,170,-2,2,3,1,-3,0,-1,1,-2
4,50,174,-2,2,3,1,-3,2,-1,1,-2
4,50,178,-1,1,1,1,-3,-3,-1,2,3
4,50,186,-2,2,3,1,-3,-1,-1,1,1
4,50,204,-2,2,0,1,-3,3,-1,1,-2
4,50,206,-1,2,2,1,-3,3,-1,1,-2
4,50,212,-1,1,-3,1,-3,1,-1,2,3
4,50,220,-1,2,-1,1,-3,3,-1,1,1
4,50,238,-2,2,3,1,-3,3,-1,1,-2
4,50,240,-1,1,0,1,-3,-2,-1,2,3
4,50,242,-1,1,1,1,-3,-2,-1,2,3
4,50,244,-1,1,-2,1,-3,1,-1,2,3
4,50,250,-2,2,3,1,-3,0,-1,1,1
4,50,252,-2,2,0,1,-3,3,-1,1,1
4,50,254,-2,2,3,1,-3,3,-1,1,1
4,68,68,-1,-1,-2,1,1,2,-1,0,-1
4,68,76,-1,-3,-1,1,1,3,-1,0,-2
4,68,80,-1,-1,-3,1,1,-2,-1,0,3
4,68,84,-1,-1,-3,1,1,1,-1,0,2
4,68,112,-1,-1,-2,1,1,-2,-1,0,3
4,68,142,-1,-3,1,1,3,3,-1,-2,-3
4,68,170,-1,-3,3,1,1,0,-1,0,-2
4,68,174,-1,-3,3,1,1,2,-1,0,-2
4,68,178,-1,-1,1,1,1,-3,-1,0,3
4,68,186,-1,-3,3,1,1,-1,-1,0,1
4,68,204,-1,-3,0,1,1,3,-1,0,-2
4,68,206,-1,-3,2,1,3,3,-1,-2,-2
4,68,212,-1,-1,-3,1,1,1,-1,0,3
4,68,220,-1,-3,-1,1,3,3,-1,-2,1
4,68,238,-1,-3,3,1,1,3,-1,0,-2
4,68,240,-1,-1,0,1,1,-2,-1,0,3
4,68,242,-1,-1,1,1,1,-2,-1,0,3
4,68,244,-1,-1,-2,1,1,1,-1,0,3
4,68,250,-1,-3,3,1,1,0,-1,0,1
4,68,252,-1,-3,0,1,1,3,-1,0,1
4,68,254,-1,-3,3,1,1,3,-1,0,1
4,76,76,-2,-2,-1,2,3,3,-2,-1,-2
4,76,80,-1,-1,-3,1,2,-2,-1,-1,3
4,76,84,-1,-1,-3,1,2,1,-1,-1,2
4,76,112,-1,-1,-2,1,2,-2,-1,-1,3
4,76,142,-2,-2,1,2,3,3,-2,-2,-3
4,76,170,-2,-2,3,2,3,0,-2,-1,-2
4,76,174,-2,-2,3,2,3,2,-2,-1,-2
4,76,178,-1,-1,1,1,2,-3,-1,-1,3
4,76,186,-2,-2,3,2,3,-1,-2,-1,1
4,76,204,-2,-2,0,2,3,3,-2,-1,-2
4,76,206,-2,-2,2,2,3,3,-2,-2,-2
4,76,212,-1,-1,-3,1,2,1,-1,-1,3
4,76,220,-2,-2,-1,2,3,3,-2,-2,1
4,76,238,-2,-2,3,2,3,3,-2,-1,-2
4,76,240,-1,-1,0,1,2,-2,-1,-1,3
4,76,242,-1,-1,1,1,2,-2,-1,-1,3
4,76,244,-1,-1,-2,1,2,1,-1,-1,3
4,76,250,-2,-2,3,2,3,0,-2,-1,1
4,76,252,-2,-2,0,2,3,3,-2,-1,1
4,76,254,-2,-2,3,2,3,3,-2,-1,1
4,80,80,-1,-2,-3,1,-1,-2,-1,2,3
4,80,84,-1,-2,-3,1,-1,1,-1,2,2
4,80,112,-1,-2,-2,1,-1,-2,-1,2,3
4,80,142,-1,-3,1,1,-2,3,-1,3,-3
4,80,170,-1,-3,3,1,-2,0,-1,3,-2
4,80,174,-1,-3,3,1,-2,2,-1,3,-2
4,80,178,-1,-2,1,1,-1,-3,-1,2,3
4,80,186,-1,-3,3,1,-2,-1,-1,3,1
4,80,204,-1,-3,0,1,-2,3,-1,3,-2
4,80,206,-1,-3,2,1,-2,3,-1,3,-2
4,80,212,-1,-2,-3,1,-1,1,-1,2,3
4,80,220,-1,-3,-1,1,-2,3,-1,3,1
4,80,238,-1,-3,3,1,-2,3,-1,3,-2
4,80,240,-1,-2,0,1,-1,-2,-1,2,3
4,80,242,-1,-2,1,1,-1,-2,-1,2,3
4,80,244,-1,-2,-2,1,-1,1,-1,2,3
4,80,250,-1,-3,3,1,-2,0,-1,3,1
4,80,252,-1,-3,0,1,-2,3,-1,3,1
4,80,254,-1,-3,3,1,-2,3,-1,3,1
4,84,84,-1,-2,-3,1,1,1,-1,1,2
4,84,112,-1,-2,-2,1,1,-2,-1,1,3
4,84,142,-1,-3,1,1,2,3,-1,1,-3
4,84,170,-2,-3,3,1,2,0,-1,1,-2
4,84,174,-2,-3,3,1,2,2,-1,1,-2
4,84,178,-1,-2,1,1,1,-3,-1,1,3
4,84,186,-2,-3,3,1,2,-1,-1,1,1
4,84,204,-2,-3,0,1,2,3,-1,1,-2
4,84,206,-1,-3,2,1,2,3,-1,1,-2
4,84,212,-1,-2,-3,1,1,1,-1,1,3
4,84,220,-1,-3,-1,1,2,3,-1,1,1
4,84,238,-2,-3,3,1,2,3,-1,1,-2
4,84,240,-1,-2,0,1,1,-2,-1,1,3
4,84,242,-1,-2,1,1,1,-2,-1,1,3
4,84,244,-1,-2,-2,1,1,1,-1,1,3
4,84,250,-2,-3,3,1,2,0,-1,1,1
4,84,252,-2,-3,0,1,2,3,-1,1,1
4,84,254,-2,-3,3,1,2,3,-1,1,1
4,112,112,-1,-2,-2,1,-2,-2,-1,3,3
4,112,142,-1,-2,1,1,-2,3,-1,3,-3
4,112,170,-1,-2,3,1,-2,0,-1,3,-2
4,112,174,-1,-2,3,1,-2,2,-1,3,-2
4,112,178,-1,-2,1,1,-2,-3,-1,3,3
4,112,186,-1,-2,3,1,-2,-1,-1,3,1
4,112,204,-1,-2,0,1,-2,3,-1,3,-2
4,112,206,-1,-2,2,1,-2,3,-1,3,-2
4,112,212,-1,-2,-3,1,-2,1,-1,3,3
4,112,220,-1,-2,-1,1,-2,3,-1,3,1
4,112,238,-1,-2,3,1,-2,3,-1,3,-2
4,112,240,-1,-2,0,1,-2,-2,-1,3,3
4,112,242,-1,-2,1,1,-2,-2,-1,3,3
4,112,244,-1,-2,-2,1,-2,1,-1,3,3
4,112,250,-1,-2,3,1,-2,0,-1,3,1
4,112,252,-1,-2,0,1,-2,3,-1,3,1
4,112,254,-1,-2,3,1,-2,3,-1,3,1
4,142,142,-1,3,1,1,3,3,-1,-3,-3
4,142,170,-2,3,3,1,3,0,-1,-3,-2
4,142,174,-2,3,3,1,3,2,-1,-3,-2
4,142,178,-1,2,1,1,3,-3,-1,-3,3
4,142,186,-2,3,3,1,3,-1,-1,-3,1
4,142,204,-2,3,0,1,3,3,-1,-3,-2
4,142,206,-1,3,2,1,3,3,-1,-3,-2
4,142,212,-1,2,-3,1,3,1,-1,-3,3
4,142,220,-1,3,-1,1,3,3,-1,-3,1
4,142,238,-2,3,3,1,3,3,-1,-3,-2
4,142,240,-1,2,0,1,3,-2,-1,-3,3
4,142,242,-1,2,1,1,3,-2,-1,-3,3
4,142,244,-1,2,-2,1,3,1,-1,-3,3
4,142,250,-2,3,3,1,3,0,-1,-3,1
4,142,252,-2,3,0,1,3,3,-1,-3,1
4,142,254,-2,3,3,1,3,3,-1,-3,1
4,170,170,-2,3,3,1,-1,0,-1,-1,-2
4,170,174,-2,3,3,1,-1,2,-1,-1,-2
4,170,178,-1,2,1,1,-1,-3,-1,0,3
4,170,186,-2,3,3,1,-1,-1,-1,-1,1
4,170,204,-2,3,0,1,-1,3,-1,-1,-2
4,170,206,-1,3,2,1,-1,3,-1,-1,-2
4,170,212,-1,2,-3,1,-1,1,-1,0,3
4,170,220,-1,3,-1,1,-1,3,-1,-1,1
4,170,238,-2,3,3,1,-1,3,-1,-1,-2
4,170,240,-1,2,0,1,-1,-2,-1,0,3
4,170,242,-1,2,1,1,-1,-2,-1,0,3
4,170,244,-1,2,-2,1,-1,1,-1,0,3
4,170,250,-2,3,3,1,-1,0,-1,-1,1
4,170,252,-2,3,0,1,-1,3,-1,-1,1
4,170,254,-2,3,3,1,-1,3,-1,-1,1
4,174,174,-1,3,3,1,2,2,-1,-2,-2
4,174,178,-1,3,1,1,2,-3,-1,-2,3
4,174,186,-1,3,3,1,2,-1,-1,-2,1
4,174,204,-1,3,0,1,2,3,-1,-2,-2
4,174,206,-1,3,2,1,2,3,-1,-2,-2
4,174,212,-1,3,-3,1,2,1,-1,-2,3
4,174,220,-1,3,-1,1,2,3,-1,-2,1
4,174,238,-1,3,3,1,2,3,-1,-2,-2
4,174,240,-1,3,0,1,2,-2,-1,-2,3
4,174,242,-1,3,1,1,2,-2,-1,-2,3
4,174,244,-1,3,-2,1,2,1,-1,-2,3
4,174,250,-1,3,3,1,2,0,-1,-2,1
4,174,252,-1,3,0,1,2,3,-1,-2,1
4,174,254,-1,3,3,1,2,3,-1,-2,1
4,178,178,-1,1,1,1,-3,-3,-1,3,3
4,178,186,-2,3,3,1,-3,-1,-1,3,1
4,178,204,-2,3,0,1,-3,3,-1,3,-2
4,178,206,-1,3,2,1,-3,3,-1,3,-2
4,178,212,-1,1,-3,1,-3,1,-1,3,3
4,178,220,-1,3,-1,1,-3,3,-1,3,1
4,178,238,-2,3,3,1,-3,3,-1,3,-2
4,178,240,-1,1,0,1,-3,-2,-1,3,3
4,178,242,-1,1,1,1,-3,-2,-1,3,3
4,178,244,-1,1,-2,1,-3,1,-1,3,3
4,178,250,-2,3,3,1,-3,0,-1,3,1
4,178,252,-2,3,0,1,-3,3,-1,3,1
4,178,254,-2,3,3,1,-3,3,-1,3,1
4,186,186,-2,3,3,2,-2,-1,-2,2,1
4,186,204,-2,3,0,2,-2,3,-2,2,-2
4,186,206,-2,3,2,2,-2,3,-2,2,-2
4,186,212,-1,3,-3,1,-2,1,-1,2,3
4,186,220,-2,3,-1,2,-2,3,-2,2,1
4,186,238,-2,3,3,2,-2,3,-2,2,-2
4,186,240,-1,3,0,1,-2,-2,-1,2,3
4,186,242,-1,3,1,1,-2,-2,-1,2,3
4,186,244,-1,3,-2,1,-2,1,-1,2,3
4,186,250,-2,3,3,2,-2,0,-2,2,1
4,186,252,-2,3,0,2,-2,3,-2,2,1
4,186,254,-2,3,3,2,-2,3,-2,2,1
4,204,204,-1,-1,0,1,3,3,-1,-1,-2
4,204,206,-1,-1,2,1,3,3,-1,-1,-2
4,204,212,-1,-1,-3,1,3,1,-1,-1,3
4,204,220,-1,-1,-1,1,3,3,-1,-1,1
4,204,238,-1,-1,3,1,3,3,-1,-1,-2
4,204,240,-1,-1,0,1,3,-2,-1,-1,3
4,204,242,-1,-1,1,1,3,-2,-1,-1,3
4,204,244,-1,-1,-2,1,3,1,-1,-1,3
4,204,250,-1,-1,3,1,3,0,-1,-1,1
4,204,252,-1,-1,0,1,3,3,-1,-1,1
4,204,254,-1,-1,3,1,3,3,-1,-1,1
4,206,206,-1,2,2,1,3,3,-1,-2,-2
4,206,212,-1,2,-3,1,3,1,-1,-2,3
4,206,220,-1,2,-1,1,3,3,-1,-2,1
4,206,238,-2,2,3,1,3,3,-1,-2,-2
4,206,240,-1,2,0,1,3,-2,-1,-2,3
4,206,242,-1,2,1,1,3,-2,-1,-2,3
4,206,244,-1,2,-2,1,3,1,-1,-2,3
4,206,250,-2,2,3,1,3,0,-1,-2,1
4,206,252,-2,2,0,1,3,3,-1,-2,1
4,206,254,-2,2,3,1,3,3,-1,-2,1
4,212,212,-1,-1,-3,1,1,1,-1,1,3
4,212,220,-1,-3,-1,1,3,3,-1,3,1
4,212,238,-1,-3,3,1,3,3,-1,3,-2
4,212,240,-1,-1,0,1,1,-2,-1,1,3
4,212,242,-1,-1,1,1,1,-2,-1,1,3
4,212,244,-1,-1,-2,1,1,1,-1,1,3
4,212,250,-1,-3,3,1,3,0,-1,3,1
4,212,252,-1,-3,0,1,3,3,-1,3,1
4,212,254,-1,-3,3,1,3,3,-1,3,1
4,220,220,-2,-2,-1,2,3,3,-2,2,1
4,220,238,-2,-2,3,2,3,3,-2,2,-2
4,220,240,-1,-1,0,1,3,-2,-1,1,3
4,220,242,-1,-1,1,1,3,-2,-1,1,3
4,220,244,-1,-1,-2,1,3,1,-1,1,3
4,220,250,-2,-2,3,2,3,0,-2,2,1
4,220,252,-2,-2,0,2,3,3,-2,2,1
4,220,254,-2,-2,3,2,3,3,-2,2,1
4,238,238,-1,3,3,1,3,3,-1,-2,-2
4,238,240,-1,3,0,1,3,-2,-1,-2,3
4,238,242,-1,3,1,1,3,-2,-1,-2,3
4,238,244,-1,3,-2,1,3,1,-1,-2,3
4,238,250,-1,3,3,1,3,0,-1,-2,1
4,238,252,-1,3,0,1,3,3,-1,-2,1
4,238,254,-1,3,3,1,3,3,-1,-2,1
4,240,240,-1,-1,0,1,-1,-2,-1,3,3
4,240,242,-1,-1,1,1,-1,-2,-1,3,3
4,240,244,-1,-1,-2,1,-1,1,-1,3,3
4,240,250,-1,-1,3,1,-1,0,-1,3,1
4,240,252,-1,-1,0,1,-1,3,-1,3,1
4,240,254,-1,-1,3,1,-1,3,-1,3,1
4,242,242,-1,1,1,1,-2,-2,-1,3,3
4,242,244,-1,1,-2,1,-2,1,-1,3,3
4,242,250,-2,2,3,1,-2,0,-1,3,1
4,242,252,-2,2,0,1,-2,3,-1,3,1
4,242,254,-2,2,3,1,-2,3,-1,3,1
4,244,244,-1,-1,-2,1,1,1,-1,2,3
4,244,250,-1,-2,3,1,2,0,-1,3,1
4,244,252,-1,-2,0,1,2,3,-1,3,1
4,244,254,-1,-2,3,1,2,3,-1,3,1
4,250,250,-2,3,3,2,-2,0,-2,3,1
4,250,252,-2,3,0,2,-2,3,-2,3,1
4,250,254,-2,3,3,2,-2,3,-2,3,1
4,252,252,-2,-2,0,2,3,3,-2,3,1
4,252,254,-2,-2,3,2,3,3,-2,3,1
4,254,254,-2,3,3,1,3,3,-1,3,1
10,10,10,3,3,3,-2,-2,0,-3,-3,-3
10,10,12,3,3,0,-2,-2,3,-3,-3,-3
10,10,14,3,3,1,-2,-2,2,-3,-3,-3
10,10,16,3,3,-1,-2,-2,-1,-3,-3,1
10,10,34,3,3,3,-2,-2,-3,-3,-3,-2
10,10,42,3,3,3,-2,-2,-2,-3,-3,-2
10,10,48,3,3,0,-2,-2,-1,-3,-3,1
10,10,50,3,3,2,-2,-2,-3,-3,-3,1
10,10,68,3,3,-3,-2,-2,3,-3,-3,-2
10,10,76,3,3,-2,-2,-2,3,-3,-3,-2
10,10,80,3,3,-1,-2,-2,0,-3,-3,1
10,10,84,3,3,-3,-2,-2,2,-3,-3,1
10,10,112,3,3,-1,-2,-2,-1,-3,-3,2
10,10,142,3,3,3,-2,-2,3,-3,-3,-3
10,10,170,3,3,3,-2,-2,0,-3,-3,-2
10,10,174,3,3,3,-2,-2,2,-3,-3,-2
10,10,178,3,3,3,-2,-2,-3,-3,-3,1
10,10,186,3,3,3,-2,-2,-1,-3,-3,1
10,10,204,3,3,0,-2,-2,3,-3,-3,-2
10,10,206,3,3,2,-2,-2,3,-3,-3,-2
10,10,212,3,3,-3,-2,-2,3,-3,-3,1
10,10,220,3,3,-1,-2,-2,3,-3,-3,1
10,10,238,3,3,3,-2,-2,3,-3,-3,-2
10,10,240,3,3,0,-2,-2,0,-3,-3,1
10,10,242,3,3,2,-2,-2,-2,-3,-3,3
10,10,244,3,3,-2,-2,-2,2,-3,-3,3
10,10,250,3,3,3,-2,-2,0,-3,-3,1
10,10,252,3,3,0,-2,-2,3,-3,-3,1
10,10,254,3,3,3,-2,-2,3,-3,-3,1
10,12,12,3,-2,0,-2,3,3,-3,-3,-3
10,12,14,3,-2,1,-2,3,2,-3,-3,-3
10,12,16,3,-2,-1,-2,3,-1,-3,-3,1
10,12,34,3,-2,3,-2,3,-3,-3,-3,-2
10,12,42,3,-2,3,-2,3,-2,-3,-3,-2
10,12,48,3,-2,0,-2,3,-1,-3,-3,1
10,12,50,3,-2,2,-2,3,-3,-3,-3,1
10,12,68,3,-2,-3,-2,3,3,-3,-3,-2
10,12,76,3,-2,-2,-2,3,3,-3,-3,-2
10,12,80,3,-2,-1,-2,3,0,-3,-3,1
10,12,84,3,-2,-3,-2,3,2,-3,-3,1
10,12,112,3,-2,-1,-2,3,-1,-3,-3,2
10,12,142,3,-1,3,-2,2,3,-3,-3,-3
10,12,170,3,-2,3,-2,3,0,-3,-3,-2
10,12,174,3,-1,3,-2,2,2,-3,-3,-2
10,12,178,3,-2,3,-2,3,-3,-3,-3,1
10,12,186,3,-2,3,-2,3,-1,-3,-3,1
10,12,204,3,-2,0,-2,3,3,-3,-3,-2
10,12,206,3,-2,2,-2,3,3,-3,-3,-2
10,12,212,3,-2,-3,-2,3,3,-3,-3,1
10,12,220,3,-2,-1,-2,3,3,-3,-3,1
10,12,238,3,-2,3,-2,3,3,-3,-3,-2
10,12,240,3,-2,0,-2,3,0,-3,-3,1
10,12,242,3,-2,2,-2,3,-2,-3,-3,3
10,12,244,3,-2,-2,-2,3,2,-3,-3,3
10,12,250,3,-2,3,-2,3,0,-3,-3,1
10,12,252,3,-2,0,-2,3,3,-3,-3,1
10,12,254,3,-2,3,-2,3,3,-3,-3,1
10,14,14,3,1,1,-2,2,2,-3,-3,-3
10,14,16,3,1,-1,-2,2,-1,-3,-3,1
10,14,34,3,1,3,-2,2,-3,-3,-3,-2
10,14,42,3,1,3,-2,2,-2,-3,-3,-2
10,14,48,3,1,0,-2,2,-1,-3,-3,1
10,14,50,3,1,2,-2,2,-3,-3,-3,1
10,14,68,3,1,-3,-2,2,3,-3,-3,-2
10,14,76,3,1,-2,-2,2,3,-3,-3,-2
10,14,80,3,1,-1,-2,2,0,-3,-3,1
10,14,84,3,1,-3,-2,2,2,-3,-3,1
10,14,112,3,1,-1,-2,2,-1,-3,-3,2
10,14,142,3,1,3,-2,2,3,-3,-3,-3
10,14,170,3,1,3,-2,2,0,-3,-3,-2
10,14,174,3,1,3,-2,2,2,-3,-3,-2
10,14,178,3,1,3,-2,2,-3,-3,-3,1
10,14,186,3,1,3,-2,2,-1,-3,-3,1
10,14,204,3,1,0,-2,2,3,-3,-3,-2
10,14,206,3,1,2,-2,2,3,-3,-3,-2
10,14,212,3,1,-3,-2,2,3,-3,-3,1
10,14,220,3,1,-1,-2,2,3,-3,-3,1
10,14,238,3,1,3,-2,2,3,-3,-3,-2
10,14,240,3,1,0,-2,2,0,-3,-3,1
10,14,242,3,1,2,-2,2,-2,-3,-3,3
10,14,244,3,1,-2,-2,2,2,-3,-3,3
10,14,250,3,1,3,-2,2,0,-3,-3,1
10,14,252,3,1,0,-2,2,3,-3,-3,1
10,14,254,3,1,3,-2,2,3,-3,-3,1
10,16,16,3,-3,-1,-2,-3,-1,-3,3,1
10,16,34,3,-3,3,-2,-3,-3,-3,3,-2
10,16,42,3,-3,3,-2,-3,-2,-3,3,-2
10,16,48,3,-3,0,-2,-3,-1,-3,3,1
10,16,50,3,-3,2,-2,-3,-3,-3,3,1
10,16,68,3,-3,-3,-2,-3,3,-3,3,-2
10,16,76,3,-3,-2,-2,-3,3,-3,3,-2
10,16,80,3,-3,-1,-2,-3,0,-3,3,1
10,16,84,3,-3,-3,-2,-3,2,-3,3,1
10,16,112,3,-3,-1,-2,-3,-1,-3,3,2
10,16,142,3,-3,3,-2,-3,3,-3,3,-3
10,16,170,3,-3,3,-2,-3,0,-3,3,-2
10,16,174,3,-3,3,-2,-3,2,-3,3,-2
10,16,178,3,-3,3,-2,-3,-3,-3,3,1
10,16,186,3,-3,3,-2,-3,-1,-3,3,1
10,16,204,3,-3,0,-2,-3,3,-3,3,-2
10,16,206,3,-3,2,-2,-3,3,-3,3,-2
10,16,212,3,-3,-3,-2,-3,3,-3,3,1
10,16,220,3,-3,-1,-2,-3,3,-3,3,1
10,16,238,3,-3,3,-2,-3,3,-3,3,-2
10,16,240,3,-3,0,-2,-3,0,-3,3,1
10,16,242,3,-3,2,-2,-3,-2,-3,3,3
10,16,244,3,-3,-2,-2,-3,2,-3,3,3
10,16,250,3,-3,3,-2,-3,0,-3,3,1
10,16,252,3,-3,0,-2,-3,3,-3,3,1
10,16,254,3,-3,3,-2,-3,3,-3,3,1
10,34,34,3,3,3,-2,-3,-3,-3,-2,-2
10,34,42,3,3,3,-2,-3,-2,-3,-2,-2
10,34,48,3,3,0,-2,-3,-1,-3,-2,1
10,34,50,3,3,2,-2,-3,-3,-3,-2,1
10,34,68,3,3,-3,-2,-3,3,-3,-2,-2
10,34,76,3,3,-2,-2,-3,3,-3,-2,-2
10,34,80,3,3,-1,-2,-3,0,-3,-2,1
10,34,84,3,3,-3,-2,-3,2,-3,-2,1
10,34,112,3,3,-1,-2,-3,-1,-3,-2,2
10,34,142,3,3,3,-2,-3,3,-3,-2,-3
10,34,170,3,3,3,-2,-3,0,-3,-2,-2
10,34,174,3,3,3,-2,-3,2,-3,-2,-2
10,34,178,3,3,3,-2,-3,-3,-3,-2,1
10,34,186,3,3,3,-2,-3,-1,-3,-2,1
10,34,204,3,3,0,-2,-3,3,-3,-2,-2
10,34,206,3,3,2,-2,-3,3,-3,-2,-2
10,34,212,3,3,-3,-2,-3,3,-3,-2,1
10,34,220,3,3,-1,-2,-3,3,-3,-2,1
10,34,238,3,3,3,-2,-3,3,-3,-2,-2
10,34,240,3,3,0,-2,-3,0,-3,-2,1
10,34,242,3,3,2,-2,-3,-2,-3,-2,3
10,34,244,3,3,-2,-2,-3,2,-3,-2,3
10,34,250,3,3,3,-2,-3,0,-3,-2,1
10,34,252,3,3,0,-2,-3,3,-3,-2,1
10,34,254,3,3,3,-2,-3,3,-3,-2,1
10,42,42,3,3,3,-2,-2,-2,-3,-2,-2
10,42,48,3,3,0,-2,-2,-1,-3,-2,1
10,42,50,3,3,2,-2,-2,-3,-3,-2,1
10,42,68,3,3,-3,-2,-2,3,-3,-2,-2
10,42,76,3,3,-2,-2,-2,3,-3,-2,-2
10,42,80,3,3,-1,-2,-2,0,-3,-2,1
10,42,84,3,3,-3,-2,-2,2,-3,-2,1
10,42,112,3,3,-1,-2,-2,-1,-3,-2,2
10,42,142,3,3,3,-2,-2,3,-3,-2,-3
10,42,170,3,3,3,-2,-2,0,-3,-2,-2
10,42,174,3,3,3,-2,-2,2,-3,-2,-2
10,42,178,3,3,3,-2,-2,-3,-3,-2,1
10,42,186,3,3,3,-2,-2,-1,-3,-2,1
10,42,204,3,3,0,-2,-2,3,-3,-2,-2
10,42,206,3,3,2,-2,-2,3,-3,-2,-2
10,42,212,3,3,-3,-2,-2,3,-3,-2,1
10,42,220,3,3,-1,-2,-2,3,-3,-2,1
10,42,238,3,3,3,-2,-2,3,-3,-2,-2
10,42,240,3,3,0,-2,-2,0,-3,-2,1
10,42,242,3,3,2,-2,-2,-2,-3,-2,3
10,42,244,3,3,-2,-2,-2,2,-3,-2,3
10,42,250,3,3,3,-2,-2,0,-3,-2,1
10,42,252,3,3,0,-2,-2,3,-3,-2,1
10,42,254,3,3,3,-2,-2,3,-3,-2,1
10,48,48,3,-2,0,-2,-3,-1,-3,3,1
10,48,50,3,-2,2,-2,-3,-3,-3,3,1
10,48,68,3,-2,-3,-2,-3,3,-3,3,-2
10,48,76,3,-2,-2,-2,-3,3,-3,3,-2
10,48,80,3,-2,-1,-2,-3,0,-3,3,1
10,48,84,3,-2,-3,-2,-3,2,-3,3,1
10,48,112,3,-2,-1,-2,-3,-1,-3,3,2
10,48,142,3,-1,3,-2,-3,3,-3,3,-3
10,48,170,3,0,3,-2,-3,0,-3,3,-2
10,48,174,3,-1,3,-2,-3,2,-3,3,-2
10,48,178,3,-1,3,-2,-3,-3,-3,3,1
10,48,186,3,-1,3,-2,-3,-1,-3,3,1
10,48,204,3,0,0,-2,-3,3,-3,3,-2
10,48,206,3,0,2,-2,-3,3,-3,3,-2
10,48,212,3,-1,-3,-2,-3,3,-3,3,1
10,48,220,3,-1,-1,-2,-3,3,-3,3,1
10,48,238,3,0,3,-2,-3,3,-3,3,-2
10,48,240,3,0,0,-2,-3,0,-3,3,1
10,48,242,3,0,2,-2,-3,-2,-3,3,3
10,48,244,3,-1,-2,-2,-3,2,-3,3,3
10,48,250,3,0,3,-2,-3,0,-3,3,1
10,48,252,3,-1,0,-2,-3,3,-3,3,1
10,48,254,3,-1,3,-2,-3,3,-3,3,1
10,50,50,3,2,2,-2,-3,-3,-3,1,1
10,50,68,3,2,-3,-2,-3,3,-3,1,-2
10,50,76,3,2,-2,-2,-3,3,-3,1,-2
10,50,80,3,2,-1,-2,-3,0,-3,1,1
10,50,84,3,2,-3,-2,-3,2,-3,1,1
10,50,112,3,2,-1,-2,-3,-1,-3,1,2
10,50,142,3,2,3,-2,-3,3,-3,1,-3
10,50,170,3,2,3,-2,-3,0,-3,1,-2
10,50,174,3,2,3,-2,-3,2,-3,1,-2
10,50,178,3,2,3,-2,-3,-3,-3,1,1
10,50,186,3,2,3,-2,-3,-1,-3,1,1
10,50,204,3,2,0,-2,-3,3,-3,1,-2
10,50,206,3,2,2,-2,-3,3,-3,1,-2
10,50,212,3,2,-3,-2,-3,3,-3,1,1
10,50,220,3,2,-1,-2,-3,3,-3,1,1
10,50,238,3,2,3,-2,-3,3,-3,1,-2
10,50,240,3,2,0,-2,-3,0,-3,1,1
10,50,242,3,2,2,-2,-3,-2,-3,1,3
10,50,244,3,2,-2,-2,-3,2,-3,1,3
10,50,250,3,2,3,-2,-3,0,-3,1,1
10,50,252,3,2,0,-2,-3,3,-3,1,1
10,50,254,3,2,3,-2,-3,3,-3,1,1
10,68,68,3,-3,-3,-2,3,3,-3,-2,-2
10,68,76,3,-3,-2,-2,3,3,-3,-2,-2
10,68,80,3,-3,-1,-2,3,0,-3,-2,1
10,68,84,3,-3,-3,-2,3,2,-3,-2,1
10,68,112,3,-3,-1,-2,3,-1,-3,-2,2
10,68,142,3,-3,3,-2,3,3,-3,-2,-3
10,68,170,3,-3,3,-2,3,0,-3,-2,-2
10,68,174,3,-3,3,-2,3,2,-3,-2,-2
10,68,178,3,-3,3,-2,3,-3,-3,-2,1
10,68,186,3,-3,3,-2,3,-2,-3,-2,1
10,68,204,3,-3,0,-2,3,3,-3,-2,-2
10,68,206,3,-3,2,-2,3,3,-3,-2,-2
10,68,212,3,-3,-3,-2,3,3,-3,-2,1
10,68,220,3,-3,-1,-2,3,3,-3,-2,1
10,68,238,3,-3,3,-2,3,3,-3,-2,-2
10,68,240,3,-3,0,-2,3,0,-3,-2,1
10,68,242,3,-3,2,-2,3,-2,-3,-2,3
10,68,244,3,-3,-2,-2,3,2,-3,-2,3
10,68,250,3,-3,3,-2,3,0,-3,-2,1
10,68,252,3,-3,0,-2,3,3,-3,-2,1
10,68,254,3,-3,3,-2,3,3,-3,-2,1
10,76,76,3,-2,-2,-2,3,3,-3,-2,-2
10,76,80,3,-2,-1,-2,3,0,-3,-2,1
10,76,84,3,-2,-3,-2,3,2,-3,-2,1
10,76,112,3,-2,-1,-2,3,-1,-3,-2,2
10,76,142,3,-2,3,-2,3,3,-3,-2,-3
10,76,170,3,-2,3,-2,3,0,-3,-2,-2
10,76,174,3,-2,3,-2,3,2,-3,-2,-2
10,76,178,3,-2,3,-2,3,-3,-3,-2,1
10,76,186,3,-2,3,-2,3,-2,-3,-2,1
10,76,204,3,-2,0,-2,3,3,-3,-2,-2
10,76,206,3,-2,2,-2,3,3,-3,-2,-2
10,76,212,3,-2,-3,-2,3,3,-3,-2,1
10,76,220,3,-2,-1,-2,3,3,-3,-2,1
10,76,238,3,-2,3,-2,3,3,-3,-2,-2
10,76,240,3,-2,0,-2,3,0,-3,-2,1
10,76,242,3,-2,2,-2,3,-2,-3,-2,3
10,76,244,3,-2,-2,-2,3,2,-3,-2,3
10,76,250,3,-2,3,-2,3,0,-3,-2,1
10,76,252,3,-2,0,-2,3,3,-3,-2,1
10,76,254,3,-2,3,-2,3,3,-3,-2,1
10,80,80,3,-3,-1,-2,-2,0,-3,3,1
10,80,84,3,-3,-3,-2,-2,2,-3,3,1
10,80,112,3,-3,-1,-2,-2,-1,-3,3,2
10,80,142,3,-3,3,-2,-2,3,-3,3,-3
10,80,170,3,-3,3,-2,-2,0,-3,3,-2
10,80,174,3,-3,3,-2,-2,2,-3,3,-2
10,80,178,3,-3,3,-2,-2,-3,-3,3,1
10,80,186,3,-3,3,-2,-2,-2,-3,3,1
10,80,204,3,-3,0,-2,-2,3,-3,3,-2
10,80,206,3,-3,2,-2,-2,3,-3,3,-2
10,80,212,3,-3,-3,-2,-2,3,-3,3,1
10,80,220,3,-3,-1,-2,-2,3,-3,3,1
10,80,238,3,-3,3,-2,-2,3,-3,3,-2
10,80,240,3,-3,0,-2,-2,0,-3,3,1
10,80,242,3,-3,2,-2,-2,-2,-3,3,3
10,80,244,3,-3,-2,-2,-2,2,-3,3,3
10,80,250,3,-3,3,-2,-2,0,-3,3,1
10,80,252,3,-3,0,-2,-2,3,-3,3,1
10,80,254,3,-3,3,-2,-2,3,-3,3,1
10,84,84,3,-3,-3,-2,2,2,-3,1,1
10,84,112,3,-3,-1,-2,2,-1,-3,1,2
10,84,142,3,-3,3,-2,2,3,-3,1,-3
10,84,170,3,-3,3,-2,2,0,-3,1,-2
10,84,174,3,-3,3,-2,2,2,-3,1,-2
10,84,178,3,-3,3,-2,2,-3,-3,1,1
10,84,186,3,-3,3,-2,2,-1,-3,1,1
10,84,204,3,-3,0,-2,2,3,-3,1,-2
10,84,206,3,-3,2,-2,2,3,-3,1,-2
10,84,212,3,-3,-3,-2,2,3,-3,1,1
10,84,220,3,-3,-1,-2,2,3,-3,1,1
10,84,238,3,-3,3,-2,2,3,-3,1,-2
10,84,240,3,-3,0,-2,2,0,-3,1,1
10,84,242,3,-3,2,-2,2,-2,-3,1,3
10,84,244,3,-3,-2,-2,2,2,-3,1,3
10,84,250,3,-3,3,-2,2,0,-3,1,1
10,84,252,3,-3,0,-2,2,3,-3,1,1
10,84,254,3,-3,3,-2,2,3,-3,1,1
10,112,112,3,-2,-1,-2,-2,-1,-3,3,2
10,112,142,3,-1,3,-2,-2,3,-3,3,-3
10,112,170,3,-1,3,-2,-2,0,-3,3,-2
10,112,174,3,-1,3,-2,-2,2,-3,3,-2
10,112,178,3,-1,3,-2,-2,-3,-3,3,1
10,112,186,3,-1,3,-2,-2,-2,-3,3,1
10,112,204,3,-1,0,-2,-2,3,-3,3,-2
10,112,206,3,-1,2,-2,-2,3,-3,3,-2
10,112,212,3,-1,-3,-2,-2,3,-3,3,1
10,112,220,3,-1,-1,-2,-2,3,-3,3,1
10,112,238,3,-1,3,-2,-2,3,-3,3,-2
10,112,240,3,-1,0,-2,-2,0,-3,3,1
10,112,242,3,-1,2,-2,-2,-2,-3,3,3
10,112,244,3,-1,-2,-2,-2,2,-3,3,3
10,112,250,3,-1,3,-2,-2,0,-3,3,1
10,112,252,3,-1,0,-2,-2,3,-3,3,1
10,112,254,3,-1,3,-2,-2,3,-3,3,1
10,142,142,3,3,3,-2,3,3,-3,-3,-3
10,142,170,3,3,3,-2,3,0,-3,-3,-2
10,142,174,3,3,3,-2,3,2,-3,-3,-2
10,142,178,3,3,3,-2,3,-3,-3,-3,1
10,142,186,3,3,3,-2,3,-1,-3,-3,1
10,142,204,3,3,0,-2,3,3,-3,-3,-2
10,142,206,3,3,2,-2,3,3,-3,-3,-2
10,142,212,3,3,-3,-2,3,3,-3,-3,1
10,142,220,3,3,-1,-2,3,3,-3,-3,1
10,142,238,3,3,3,-2,3,3,-3,-3,-2
10,142,240,3,3,0,-2,3,0,-3,-3,1
10,142,242,3,3,2,-2,3,-2,-3,-3,3
10,142,244,3,3,-2,-2,3,2,-3,-3,3
10,142,250,3,3,3,-2,3,0,-3,-3,1
10,142,252,3,3,0,-2,3,3,-3,-3,1
10,142,254,3,3,3,-2,3,3,-3,-3,1
10,170,170,3,3,3,-2,-2,0,-3,0,-2
10,170,174,3,3,3,-2,-2,2,-3,0,-2
10,170,178,3,3,3,-2,-2,-3,-3,0,1
10,170,186,3,3,3,-2,-2,-1,-3,0,1
10,170,204,3,3,0,-2,-2,3,-3,0,-2
10,170,206,3,3,2,-2,-2,3,-3,0,-2
10,170,212,3,3,-3,-2,-2,3,-3,0,1
10,170,220,3,3,-1,-2,-2,3,-3,0,1
10,170,238,3,3,3,-2,-2,3,-3,0,-2
10,170,240,3,3,0,-2,-2,0,-3,0,1
10,170,242,3,3,2,-2,-2,-2,-3,0,3
10,170,244,3,3,-2,-2,-2,2,-3,0,3
10,170,250,3,3,3,-2,-2,0,-3,0,1
10,170,252,3,3,0,-2,-2,3,-3,0,1
10,170,254,3,3,3,-2,-2,3,-3,0,1
10,174,174,3,3,3,-2,2,2,-3,-2,-2
10,174,178,3,3,3,-2,2,-3,-3,-2,1
10,174,186,3,3,3,-2,2,-1,-3,-2,1
10,174,204,3,3,0,-2,2,3,-3,-2,-2
10,174,206,3,3,2,-2,2,3,-3,-2,-2
10,174,212,3,3,-3,-2,2,3,-3,-2,1
10,174,220,3,3,-1,-2,2,3,-3,-2,1
10,174,238,3,3,3,-2,2,3,-3,-2,-2
10,174,240,3,3,0,-2,2,0,-3,-2,1
10,174,242,3,3,2,-2,2,-2,-3,-2,3
10,174,244,3,3,-2,-2,2,2,-3,-2,3
10,174,250,3,3,3,-2,2,0,-3,-2,1
10,174,252,3,3,0,-2,2,3,-3,-2,1
10,174,254,3,3,3,-2,2,3,-3,-2,1
10,178,178,3,3,3,-2,-3,-3,-3,3,1
10,178,186,3,3,3,-2,-3,-1,-3,3,1
10,178,204,3,3,0,-2,-3,3,-3,3,-2
10,178,206,3,3,2,-2,-3,3,-3,3,-2
10,178,212,3,3,-3,-2,-3,3,-3,3,1
10,178,220,3,3,-1,-2,-3,3,-3,3,1
10,178,238,3,3,3,-2,-3,3,-3,3,-2
10,178,240,3,3,0,-2,-3,0,-3,3,1
10,178,242,3,3,2,-2,-3,-2,-3,3,3
10,178,244,3,3,-2,-2,-3,2,-3,3,3
10,178,250,3,3,3,-2,-3,0,-3,3,1
10,178,252,3,3,0,-2,-3,3,-3,3,1
10,178,254,3,3,3,-2,-3,3,-3,3,1
10,186,186,3,3,3,-2,-2,-1,-3,2,1
10,186,204,3,3,0,-2,-2,3,-3,2,-2
10,186,206,3,3,2,-2,-2,3,-3,2,-2
10,186,212,3,3,-3,-2,-2,3,-3,2,1
10,186,220,3,3,-1,-2,-2,3,-3,2,1
10,186,238,3,3,3,-2,-2,3,-3,2,-2
10,186,240,3,3,0,-2,-2,0,-3,2,1
10,186,242,3,3,2,-2,-2,-2,-3,2,3
10,186,244,3,3,-2,-2,-2,2,-3,2,3
10,186,250,3,3,3,-2,-2,0,-3,2,1
10,186,252,3,3,0,-2,-2,3,-3,2,1
10,186,254,3,3,3,-2,-2,3,-3,2,1
10,204,204,3,0,0,-2,3,3,-3,-2,-2
10,204,206,3,0,2,-2,3,3,-3,-2,-2
10,204,212,3,0,-3,-2,3,3,-3,-2,1
10,204,220,3,0,-1,-2,3,3,-3,-2,1
10,204,238,3,0,3,-2,3,3,-3,-2,-2
10,204,240,3,0,0,-2,3,0,-3,-2,1
10,204,242,3,0,2,-2,3,-2,-3,-2,3
10,204,244,3,0,-2,-2,3,2,-3,-2,3
10,204,250,3,0,3,-2,3,0,-3,-2,1
10,204,252,3,0,0,-2,3,3,-3,-2,1
10,204,254,3,0,3,-2,3,3,-3,-2,1
10,206,206,3,2,2,-2,3,3,-3,-2,-2
10,206,212,3,2,-3,-2,3,3,-3,-2,1
10,206,220,3,2,-1,-2,3,3,-3,-2,1
10,206,238,3,2,3,-2,3,3,-3,-2,-2
10,206,240,3,2,0,-2,3,0,-3,-2,1
10,206,242,3,2,2,-2,3,-2,-3,-2,3
10,206,244,3,2,-2,-2,3,2,-3,-2,3
10,206,250,3,2,3,-2,3,0,-3,-2,1
10,206,252,3,2,0,-2,3,3,-3,-2,1
10,206,254,3,2,3,-2,3,3,-3,-2,1
10,212,212,3,-3,-3,-2,3,3,-3,3,1
10,212,220,3,-3,-1,-2,3,3,-3,3,1
10,212,238,3,-3,3,-2,3,3,-3,3,-2
10,212,240,3,-3,0,-2,3,0,-3,3,1
10,212,242,3,-3,2,-2,3,-2,-3,3,3
10,212,244,3,-3,-2,-2,3,2,-3,3,3
10,212,250,3,-3,3,-2,3,0,-3,3,1
10,212,252,3,-3,0,-2,3,3,-3,3,1
10,212,254,3,-3,3,-2,3,3,-3,3,1
10,220,220,3,-2,-1,-2,3,3,-3,2,1
10,220,238,3,-2,3,-2,3,3,-3,2,-2
10,220,240,3,-2,0,-2,3,0,-3,2,1
10,220,242,3,-2,2,-2,3,-2,-3,2,3
10,220,244,3,-2,-2,-2,3,2,-3,2,3
10,220,250,3,-2,3,-2,3,0,-3,2,1
10,220,252,3,-2,0,-2,3,3,-3,2,1
10,220,254,3,-2,3,-2,3,3,-3,2,1
10,238,238,3,3,3,-2,3,3,-3,-2,-2
10,238,240,3,3,0,-2,3,0,-3,-2,1
10,238,242,3,3,2,-2,3,-2,-3,-2,3
10,238,244,3,3,-2,-2,3,2,-3,-2,3
10,238,250,3,3,3,-2,3,0,-3,-2,1
10,238,252,3,3,0,-2,3,3,-3,-2,1
10,238,254,3,3,3,-2,3,3,-3,-2,1
10,240,240,3,0,0,-2,-2,0,-3,3,1
10,240,242,3,0,2,-2,-2,-2,-3,3,3
10,240,244,3,0,-2,-2,-2,2,-3,3,3
10,240,250,3,0,3,-2,-2,0,-3,3,1
10,240,252,3,0,0,-2,-2,3,-3,3,1
10,240,254,3,0,3,-2,-2,3,-3,3,1
10,242,242,3,2,2,-2,-2,-2,-3,3,3
10,242,244,3,2,-2,-2,-2,2,-3,3,3
10,242,250,3,2,3,-2,-2,0,-3,3,1
10,242,252,3,2,0,-2,-2,3,-3,3,1
10,242,254,3,2,3,-2,-2,3,-3,3,1
10,244,244,3,-2,-2,-2,2,2,-3,3,3
10,244,250,3,-2,3,-2,2,0,-3,3,1
10,244,252,3,-2,0,-2,2,3,-3,3,1
10,244,254,3,-2,3,-2,2,3,-3,3,1
10,250,250,3,3,3,-2,-2,0,-3,3,1
10,250,252,3,3,0,-2,-2,3,-3,3,1
10,250,254,3,3,3,-2,-2,3,-3,3,1
10,252,252,3,0,0,-2,3,3,-3,3,1
10,252,254,3,0,3,-2,3,3,-3,3,1
10,254,254,3,3,3,-2,3,3,-3,3,1
12,12,12,0,-2,0,1,3,3,-3,-3,-3
12,12,14,0,-2,1,1,3,2,-1,-3,-3
12,12,16,0,-2,-1,1,3,-1,-3,-3,1
12,12,34,0,-2,3,1,3,-3,-3,-3,-2
12,12,42,0,-2,3,1,3,-2,-3,-3,-2
12,12,48,0,-2,0,1,3,-1,-3,-3,1
12,12,50,0,-2,2,1,3,-3,-3,-3,1
12,12,68,0,-2,-3,1,3,3,-3,-3,-2
12,12,76,0,-2,-2,1,3,3,-3,-3,-2
12,12,80,0,-2,-1,1,3,0,-3,-3,1
12,12,84,0,-2,-3,1,3,2,-3,-3,1
12,12,112,0,-2,-1,1,3,-1,-3,-3,2
12,12,142,0,-2,3,2,3,3,-2,-3,-3
12,12,170,0,-2,3,2,3,0,-2,-3,-2
12,12,174,0,-2,3,2,3,2,-2,-3,-2
12,12,178,0,-2,3,2,3,-3,-2,-3,1
12,12,186,0,-2,3,2,3,-1,-2,-3,1
12,12,204,0,-2,0,2,3,3,-2,-3,-2
12,12,206,0,-2,2,2,3,3,-2,-3,-2
12,12,212,0,-2,-3,2,3,3,-2,-3,1
12,12,220,0,-2,-1,2,3,3,-2,-3,1
12,12,238,0,-2,3,2,3,3,-2,-3,-2
12,12,240,0,-2,0,2,3,0,-2,-3,1
12,12,242,0,-2,2,2,3,-2,-2,-3,3
12,12,244,0,-2,-2,2,3,2,-2,-3,3
12,12,250,0,-2,3,2,3,0,-2,-3,1
12,12,252,0,-2,0,2,3,3,-2,-3,1
12,12,254,0,-2,3,2,3,3,-2,-3,1
12,14,14,0,1,1,1,2,2,-1,-3,-3
12,14,16,0,1,-1,1,2,-1,-3,-3,1
12,14,34,0,1,3,1,2,-3,-3,-3,-2
12,14,42,0,1,3,1,2,-2,-3,-3,-2
12,14,48,0,1,0,1,2,-1,-3,-3,1
12,14,50,0,1,2,1,2,-3,-3,-3,1
12,14,68,0,1,-3,1,2,3,-3,-3,-2
12,14,76,0,1,-2,1,2,3,-3,-3,-2
12,14,80,0,1,-1,1,2,0,-3,-3,1
12,14,84,0,1,-3,1,2,2,-3,-3,1
12,14,112,0,1,-1,1,2,-1,-3,-3,2
12,14,142,0,1,3,2,2,3,-2,-3,-3
12,14,170,0,1,3,2,2,0,-2,-3,-2
12,14,174,0,1,3,2,2,2,-2,-3,-2
12,14,178,0,1,3,2,2,-3,-2,-3,1
12,14,186,0,1,3,2,2,-1,-2,-3,1
12,14,204,0,1,0,2,2,3,-2,-3,-2
12,14,206,0,1,2,2,2,3,-2,-3,-2
12,14,212,0,1,-3,2,2,3,-2,-3,1
12,14,220,0,1,-1,2,2,3,-2,-3,1
12,14,238,0,1,3,2,2,3,-2,-3,-2
12,14,240,0,1,0,2,2,0,-2,-3,1
12,14,242,0,1,2,2,2,-2,-2,-3,3
12,14,244,0,1,-2,2,2,2,-2,-3,3
12,14,250,0,1,3,2,2,0,-2,-3,1
12,14,252,0,1,0,2,2,3,-2,-3,1
12,14,254,0,1,3,2,2,3,-2,-3,1
12,16,16,0,-3,-1,1,-3,-1,-3,3,1
12,16,34,0,-3,3,1,-3,-3,-3,3,-2
12,16,42,0,-3,3,1,-3,-2,-3,3,-2
12,16,48,0,-3,0,1,-3,-1,-3,3,1
12,16,50,0,-3,2,1,-3,-3,-3,3,1
12,16,68,0,-3,-3,1,-3,3,-3,3,-2
12,16,76,0,-3,-2,1,-3,3,-3,3,-2
12,16,80,0,-3,-1,1,-3,0,-3,3,1
12,16,84,0,-3,-3,1,-3,2,-3,3,1
12,16,112,0,-3,-1,1,-3,-1,-3,3,2
12,16,142,0,-3,3,2,-3,3,-2,3,-3
12,16,170,0,-3,3,2,-3,0,-2,3,-2
12,16,174,0,-3,3,2,-3,2,-2,3,-2
12,16,178,0,-3,3,2,-3,-3,-2,3,1
12,16,186,0,-3,3,2,-3,-1,-2,3,1
12,16,204,0,-3,0,2,-3,3,-2,3,-2
12,16,206,0,-3,2,2,-3,3,-2,3,-2
12,16,212,0,-3,-3,2,-3,3,-2,3,1
12,16,220,0,-3,-1,2,-3,3,-2,3,1
12,16,238,0,-3,3,2,-3,3,-2,3,-2
12,16,240,0,-3,0,2,-3,0,-2,3,1
12,16,242,0,-3,2,2,-3,-2,-2,3,3
12,16,244,0,-3,-2,2,-3,2,-2,3,3
12,16,250,0,-3,3,2,-3,0,-2,3,1
12,16,252,0,-3,0,2,-3,3,-2,3,1
12,16,254,0,-3,3,2,-3,3,-2,3,1
12,34,34,0,3,3,1,-3,-3,-3,-2,-2
12,34,42,0,3,3,1,-3,-1,-3,-2,-2
12,34,48,0,3,0,1,-3,-1,-3,-2,1
12,34,50,0,3,2,1,-3,-3,-3,-2,1
12,34,68,0,3,-3,1,-3,3,-3,-2,-2
12,34,76,0,3,-1,1,-3,3,-3,-2,-2
12,34,80,0,3,-1,1,-3,0,-3,-2,1
12,34,84,0,3,-3,1,-3,2,-3,-2,1
12,34,112,0,3,-1,1,-3,-1,-3,-2,2
12,34,142,0,3,3,2,-3,3,-2,-1,-3
12,34,170,0,3,3,2,-3,0,-2,-2,-2
12,34,174,0,3,3,2,-3,2,-2,0,-2
12,34,178,0,3,3,2,-3,-3,-2,-2,1
12,34,186,0,3,3,2,-3,-1,-2,-2,1
12,34,204,0,3,0,2,-3,3,-2,-2,-2
12,34,206,0,3,2,2,-3,3,-2,-2,-2
12,34,212,0,3,-3,2,-3,3,-2,-2,1
12,34,220,0,3,-1,2,-3,3,-2,-2,1
12,34,238,0,3,3,2,-3,3,-2,-2,-2
12,34,240,0,3,0,2,-3,0,-2,-2,1
12,34,242,0,3,2,2,-3,-2,-2,-2,3
12,34,244,0,3,-2,2,-3,2,-2,-2,3
12,34,250,0,3,3,2,-3,0,-2,-2,1
12,34,252,0,3,0,2,-3,3,-2,-2,1
12,34,254,0,3,3,2,-3,3,-2,-2,1
12,42,42,0,3,3,1,-2,-1,-3,-2,-2
12,42,48,0,3,0,1,-2,-1,-3,-2,1
12,42,50,0,3,2,1,-2,-3,-3,-2,1
12,42,68,0,3,-3,1,-2,3,-3,-2,-2
12,42,76,0,3,-1,1,-2,3,-3,-2,-2
12,42,80,0,3,-1,1,-2,0,-3,-2,1
12,42,84,0,3,-3,1,-2,2,-3,-2,1
12,42,112,0,3,-1,1,-2,-1,-3,-2,2
12,42,142,0,3,3,2,-2,3,-2,-1,-3
12,42,170,0,3,3,2,-2,0,-2,-2,-2
12,42,174,0,3,3,2,-2,2,-2,-1,-2
12,42,178,0,3,3,2,-2,-3,-2,-2,1
12,42,186,0,3,3,2,-2,-1,-2,-2,1
12,42,204,0,3,0,2,-2,3,-2,-2,-2
12,42,206,0,3,2,2,-2,3,-2,-2,-2
12,42,212,0,3,-3,2,-2,3,-2,-2,1
12,42,220,0,3,-1,2,-2,3,-2,-2,1
12,42,238,0,3,3,2,-2,3,-2,-2,-2
12,42,240,0,3,0,2,-2,0,-2,-2,1
12,42,242,0,3,2,2,-2,-2,-2,-2,3
12,42,244,0,3,-2,2,-2,2,-2,-2,3
12,42,250,0,3,3,2,-2,0,-2,-2,1
12,42,252,0,3,0,2,-2,3,-2,-2,1
12,42,254,0,3,3,2,-2,3,-2,-2,1
12,48,48,0,-1,0,1,-3,-1,-3,3,1
12,48,50,0,-1,2,1,-3,-3,-3,3,1
12,48,68,0,0,-3,1,-3,3,-3,3,-2
12,48,76,0,0,-2,1,-3,3,-3,3,-2
12,48,80,0,0,-1,1,-3,0,-3,3,1
12,48,84,0,-1,-3,1,-3,2,-3,3,1
12,48,112,0,0,-1,1,-3,-1,-3,3,2
12,48,142,0,0,3,2,-3,3,-2,3,-3
12,48,170,0,0,3,2,-3,0,-2,3,-2
12,48,174,0,0,3,2,-3,2,-2,3,-2
12,48,178,0,-1,3,2,-3,-3,-2,3,1
12,48,186,0,-1,3,2,-3,-1,-2,3,1
12,48,204,0,0,0,2,-3,3,-2,3,-2
12,48,206,0,0,2,2,-3,3,-2,3,-2
12,48,212,0,-1,-3,2,-3,3,-2,3,1
12,48,220,0,-1,-1,2,-3,3,-2,3,1
12,48,238,0,0,3,2,-3,3,-2,3,-2
12,48,240,0,0,0,2,-3,0,-2,3,1
12,48,242,0,0,2,2,-3,-2,-2,3,3
12,48,244,0,-1,-2,2,-3,2,-2,3,3
12,48,250,0,0,3,2,-3,0,-2,3,1
12,48,252,0,-1,0,2,-3,3,-2,3,1
12,48,254,0,-1,3,2,-3,3,-2,3,1
12,50,50,0,2,2,1,-3,-3,-3,1,1
12,50,68,0,2,-3,1,-3,3,-3,1,-2
12,50,76,0,2,-2,1,-3,3,-3,1,-2
12,50,80,0,2,-1,1,-3,0,-3,1,1
12,50,84,0,2,-3,1,-3,2,-3,1,1
12,50,112,0,2,-1,1,-3,-1,-3,1,2
12,50,142,0,2,3,2,-3,3,-2,1,-3
12,50,170,0,2,3,2,-3,0,-2,1,-2
12,50,174,0,2,3,2,-3,2,-2,1,-2
12,50,178,0,2,3,2,-3,-3,-2,1,1
12,50,186,0,2,3,2,-3,-1,-2,1,1
12,50,204,0,2,0,2,-3,3,-2,1,-2
12,50,206,0,2,2,2,-3,3,-2,1,-2
12,50,212,0,2,-3,2,-3,3,-2,1,1
12,50,220,0,2,-1,2,-3,3,-2,1,1
12,50,238,0,2,3,2,-3,3,-2,1,-2
12,50,240,0,2,0,2,-3,0,-2,1,1
12,50,242,0,2,2,2,-3,-2,-2,1,3
12,50,244,0,2,-2,2,-3,2,-2,1,3
12,50,250,0,2,3,2,-3,0,-2,1,1
12,50,252,0,2,0,2,-3,3,-2,1,1
12,50,254,0,2,3,2,-3,3,-2,1,1
12,68,68,0,-3,-3,1,3,3,-3,-2,-2
12,68,76,0,-3,-2,1,3,3,-3,-2,-2
12,68,80,0,-3,-1,1,3,0,-3,-2,1
12,68,84,0,-3,-3,1,3,2,-3,-2,1
12,68,112,0,-3,-1,1,3,-1,-3,-2,2
12,68,142,0,-3,3,2,3,3,-2,-2,-3
12,68,170,0,-3,3,2,3,0,-2,-2,-2
12,68,174,0,-3,3,2,3,2,-2,-2,-2
12,68,178,0,-3,3,2,3,-3,-2,-2,1
12,68,186,0,-3,3,2,3,-2,-2,-2,1
12,68,204,0,-3,0,2,3,3,-2,-2,-2
12,68,206,0,-3,2,2,3,3,-2,-2,-2
12,68,212,0,-3,-3,2,3,3,-2,-2,1
12,68,220,0,-3,-1,2,3,3,-2,-2,1
12,68,238,0,-3,3,2,3,3,-2,-2,-2
12,68,240,0,-3,0,2,3,0,-2,-2,1
12,68,242,0,-3,2,2,3,-2,-2,-2,3
12,68,244,0,-3,-2,2,3,2,-2,-2,3
12,68,250,0,-3,3,2,3,0,-2,-2,1
12,68,252,0,-3,0,2,3,3,-2,-2,1
12,68,254,0,-3,3,2,3,3,-2,-2,1
12,76,76,0,-2,-2,1,3,3,-3,-2,-2
12,76,80,0,-2,-1,1,3,0,-3,-2,1
12,76,84,0,-2,-3,1,3,2,-3,-2,1
12,76,112,0,-2,-1,1,3,-1,-3,-2,2
12,76,142,0,-2,3,2,3,3,-2,-2,-3
12,76,170,0,-2,3,2,3,0,-2,-2,-2
12,76,174,0,-2,3,2,3,2,-2,-2,-2
12,76,178,0,-2,3,2,3,-3,-2,-2,1
12,76,186,0,-2,3,2,3,-2,-2,-2,1
12,76,204,0,-2,0,2,3,3,-2,-2,-2
12,76,206,0,-2,2,2,3,3,-2,-2,-2
12,76,212,0,-2,-3,2,3,3,-2,-2,1
12,76,220,0,-2,-1,2,3,3,-2,-2,1
12,76,238,0,-2,3,2,3,3,-2,-2,-2
12,76,240,0,-2,0,2,3,0,-2,-2,1
12,76,242,0,-2,2,2,3,-2,-2,-2,3
12,76,244,0,-2,-2,2,3,2,-2,-2,3
12,76,250,0,-2,3,2,3,0,-2,-2,1
12,76,252,0,-2,0,2,3,3,-2,-2,1
12,76,254,0,-2,3,2,3,3,-2,-2,1
12,80,80,0,-3,-1,1,-2,0,-3,3,1
12,80,84,0,-3,-3,1,-2,2,-3,3,1
12,80,112,0,-3,-1,1,-2,-1,-3,3,2
12,80,142,0,-3,3,2,-2,3,-2,3,-3
12,80,170,0,-3,3,2,-2,0,-2,3,-2
12,80,174,0,-3,3,2,-2,2,-2,3,-2
12,80,178,0,-3,3,2,-2,-3,-2,3,1
12,80,186,0,-3,3,2,-2,-2,-2,3,1
12,80,204,0,-3,0,2,-2,3,-2,3,-2
12,80,206,0,-3,2,2,-2,3,-2,3,-2
12,80,212,0,-3,-3,2,-2,3,-2,3,1
12,80,220,0,-3,-1,2,-2,3,-2,3,1
12,80,238,0,-3,3,2,-2,3,-2,3,-2
12,80,240,0,-3,0,2,-2,0,-2,3,1
12,80,242,0,-3,2,2,-2,-2,-2,3,3
12,80,244,0,-3,-2,2,-2,2,-2,3,3
12,80,250,0,-3,3,2,-2,0,-2,3,1
12,80,252,0,-3,0,2,-2,3,-2,3,1
12,80,254,0,-3,3,2,-2,3,-2,3,1
12,84,84,0,-3,-3,1,2,2,-3,1,1
12,84,112,0,-3,-1,1,2,-1,-3,1,2
12,84,142,0,-3,3,2,2,3,-2,1,-3
12,84,170,0,-3,3,2,2,0,-2,1,-2
12,84,174,0,-3,3,2,2,2,-2,1,-2
12,84,178,0,-3,3,2,2,-3,-2,1,1
12,84,186,0,-3,3,2,2,-1,-2,1,1
12,84,204,0,-3,0,2,2,3,-2,1,-2
12,84,206,0,-3,2,2,2,3,-2,1,-2
12,84,212,0,-3,-3,2,2,3,-2,1,1
12,84,220,0,-3,-1,2,2,3,-2,1,1
12,84,238,0,-3,3,2,2,3,-2,1,-2
12,84,240,0,-3,0,2,2,0,-2,1,1
12,84,242,0,-3,2,2,2,-2,-2,1,3
12,84,244,0,-3,-2,2,2,2,-2,1,3
12,84,250,0,-3,3,2,2,0,-2,1,1
12,84,252,0,-3,0,2,2,3,-2,1,1
12,84,254,0,-3,3,2,2,3,-2,1,1
12,112,112,0,-1,-1,1,-2,-1,-3,3,2
12,112,142,0,-1,3,2,-2,3,-2,3,-3
12,112,170,0,-1,3,2,-2,0,-2,3,-2
12,112,174,0,-1,3,2,-2,2,-2,3,-2
12,112,178,0,-1,3,2,-2,-3,-2,3,1
12,112,186,0,-1,3,2,-2,-2,-2,3,1
12,112,204,0,-1,0,2,-2,3,-2,3,-2
12,112,206,0,-1,2,2,-2,3,-2,3,-2
12,112,212,0,-1,-3,2,-2,3,-2,3,1
12,112,220,0,-1,-1,2,-2,3,-2,3,1
12,112,238,0,-1,3,2,-2,3,-2,3,-2
12,112,240,0,-1,0,2,-2,0,-2,3,1
12,112,242,0,-1,2,2,-2,-2,-2,3,3
12,112,244,0,-1,-2,2,-2,2,-2,3,3
12,112,250,0,-1,3,2,-2,0,-2,3,1
12,112,252,0,-1,0,2,-2,3,-2,3,1
12,112,254,0,-1,3,2,-2,3,-2,3,1
12,142,142,0,3,3,2,3,3,-2,-3,-3
12,142,170,0,3,3,2,3,0,-2,-3,-2
12,142,174,0,3,3,2,3,2,-2,-3,-2
12,142,178,0,3,3,2,3,-3,-2,-3,1
12,142,186,0,3,3,2,3,-1,-2,-3,1
12,142,204,0,3,0,2,3,3,-2,-3,-2
12,142,206,0,3,2,2,3,3,-2,-3,-2
12,142,212,0,3,-3,2,3,3,-2,-3,1
12,142,220,0,3,-1,2,3,3,-2,-3,1
12,142,238,0,3,3,2,3,3,-2,-3,-2
12,142,240,0,3,0,2,3,0,-2,-3,1
12,142,242,0,3,2,2,3,-2,-2,-3,3
12,142,244,0,3,-2,2,3,2,-2,-3,3
12,142,250,0,3,3,2,3,0,-2,-3,1
12,142,252,0,3,0,2,3,3,-2,-3,1
12,142,254,0,3,3,2,3,3,-2,-3,1
12,170,170,0,3,3,2,-2,0,-2,0,-2
12,170,174,0,3,3,2,-2,2,-2,0,-2
12,170,178,0,3,3,2,-2,-3,-2,0,1
12,170,186,0,3,3,2,-2,-1,-2,0,1
12,170,204,0,3,0,2,-2,3,-2,0,-2
12,170,206,0,3,2,2,-2,3,-2,0,-2
12,170,212,0,3,-3,2,-2,3,-2,0,1
12,170,220,0,3,-1,2,-2,3,-2,0,1
12,170,238,0,3,3,2,-2,3,-2,0,-2
12,170,240,0,3,0,2,-2,0,-2,0,1
12,170,242,0,3,2,2,-2,-2,-2,0,3
12,170,244,0,3,-2,2,-2,2,-2,0,3
12,170,250,0,3,3,2,-2,0,-2,0,1
12,170,252,0,3,0,2,-2,3,-2,0,1
12,170,254,0,3,3,2,-2,3,-2,0,1
12,174,174,0,3,3,2,2,2,-2,-2,-2
12,174,178,0,3,3,2,2,-3,-2,-2,1
12,174,186,0,3,3,2,2,-1,-2,-2,1
12,174,204,0,3,0,2,2,3,-2,-2,-2
12,174,206,0,3,2,2,2,3,-2,-2,-2
12,174,212,0,3,-3,2,2,3,-2,-2,1
12,174,220,0,3,-1,2,2,3,-2,-2,1
12,174,238,0,3,3,2,2,3,-2,-2,-2
12,174,240,0,3,0,2,2,0,-2,-2,1
12,174,242,0,3,2,2,2,-2,-2,-2,3
12,174,244,0,3,-2,2,2,2,-2,-2,3
12,174,250,0,3,3,2,2,0,-2,-2,1
12,174,252,0,3,0,2,2,3,-2,-2,1
12,174,254,0,3,3,2,2,3,-2,-2,1
12,178,178,0,3,3,2,-3,-3,-2,3,1
12,178,186,0,3,3,2,-3,-1,-2,3,1
12,178,204,0,3,0,2,-3,3,-2,3,-2
12,178,206,0,3,2,2,-3,3,-2,3,-2
12,178,212,0,3,-3,2,-3,3,-2,3,1
12,178,220,0,3,-1,2,-3,3,-2,3,1
12,178,238,0,3,3,2,-3,3,-2,3,-2
12,178,240,0,3,0,2,-3,0,-2,3,1
12,178,242,0,3,2,2,-3,-2,-2,3,3
12,178,244,0,3,-2,2,-3,2,-2,3,3
12,178,250,0,3,3,2,-3,0,-2,3,1
12,178,252,0,3,0,2,-3,3,-2,3,1
12,178,254,0,3,3,2,-3,3,-2,3,1
12,186,186,0,3,3,2,-2,-1,-2,2,1
12,186,204,0,3,0,2,-2,3,-2,2,-2
12,186,206,0,3,2,2,-2,3,-2,2,-2
12,186,212,0,3,-3,2,-2,3,-2,2,1
12,186,220,0,3,-1,2,-2,3,-2,2,1
12,186,238,0,3,3,2,-2,3,-2,2,-2
12,186,240,0,3,0,2,-2,0,-2,2,1
12,186,242,0,3,2,2,-2,-2,-2,2,3
12,186,244,0,3,-2,2,-2,2,-2,2,3
12,186,250,0,3,3,2,-2,0,-2,2,1
12,186,252,0,3,0,2,-2,3,-2,2,1
12,186,254,0,3,3,2,-2,3,-2,2,1
12,204,204,0,0,0,2,3,3,-2,-2,-2
12,204,206,0,0,2,2,3,3,-2,-2,-2
12,204,212,0,0,-3,2,3,3,-2,-2,1
12,204,220,0,0,-1,2,3,3,-2,-2,1
12,204,238,0,0,3,2,3,3,-2,-2,-2
12,204,240,0,0,0,2,3,0,-2,-2,1
12,204,242,0,0,2,2,3,-2,-2,-2,3
12,204,244,0,0,-2,2,3,2,-2,-2,3
12,204,250,0,0,3,2,3,0,-2,-2,1
12,204,252,0,0,0,2,3,3,-2,-2,1
12,204,254,0,0,3,2,3,3,-2,-2,1
12,206,206,0,2,2,2,3,3,-2,-2,-2
12,206,212,0,2,-3,2,3,3,-2,-2,1
12,206,220,0,2,-1,2,3,3,-2,-2,1
12,206,238,0,2,3,2,3,3,-2,-2,-2
12,206,240,0,2,0,2,3,0,-2,-2,1
12,206,242,0,2,2,2,3,-2,-2,-2,3
12,206,244,0,2,-2,2,3,2,-2,-2,3
12,206,250,0,2,3,2,3,0,-2,-2,1
12,206,252,0,2,0,2,3,3,-2,-2,1
12,206,254,0,2,3,2,3,3,-2,-2,1
12,212,212,0,-3,-3,2,3,3,-2,3,1
12,212,220,0,-3,-1,2,3,3,-2,3,1
12,212,238,0,-3,3,2,3,3,-2,3,-2
12,212,240,0,-3,0,2,3,0,-2,3,1
12,212,242,0,-3,2,2,3,-2,-2,3,3
12,212,244,0,-3,-2,2,3,2,-2,3,3
12,212,250,0,-3,3,2,3,0,-2,3,1
12,212,252,0,-3,0,2,3,3,-2,3,1
12,212,254,0,-3,3,2,3,3,-2,3,1
12,220,220,0,-2,-1,2,3,3,-2,2,1
12,220,238,0,-2,3,2,3,3,-2,2,-2
12,220,240,0,-2,0,2,3,0,-2,2,1
12,220,242,0,-2,2,2,3,-2,-2,2,3
12,220,244,0,-2,-2,2,3,2,-2,2,3
12,220,250,0,-2,3,2,3,0,-2,2,1
12,220,252,0,-2,0,2,3,3,-2,2,1
12,220,254,0,-2,3,2,3,3,-2,2,1
12,238,238,0,3,3,2,3,3,-2,-2,-2
12,238,240,0,3,0,2,3,0,-2,-2,1
12,238,242,0,3,2,2,3,-2,-2,-2,3
12,238,244,0,3,-2,2,3,2,-2,-2,3
12,238,250,0,3,3,2,3,0,-2,-2,1
12,238,252,0,3,0,2,3,3,-2,-2,1
12,238,254,0,3,3,2,3,3,-2,-2,1
12,240,240,0,0,0,2,-2,0,-2,3,1
12,240,242,0,0,2,2,-2,-2,-2,3,3
12,240,244,0,0,-2,2,-2,2,-2,3,3
12,240,250,0,0,3,2,-2,0,-2,3,1
12,240,252,0,0,0,2,-2,3,-2,3,1
12,240,254,0,0,3,2,-2,3,-2,3,1
12,242,242,0,2,2,2,-2,-2,-2,3,3
12,242,244,0,2,-2,2,-2,2,-2,3,3
12,242,250,0,2,3,2,-2,0,-2,3,1
12,242,252,0,2,0,2,-2,3,-2,3,1
12,242,254,0,2,3,2,-2,3,-2,3,1
12,244,244,0,-2,-2,2,2,2,-2,3,3
12,244,250,0,-2,3,2,2,0,-2,3,1
12,244,252,0,-2,0,2,2,3,-2,3,1
12,244,254,0,-2,3,2,2,3,-2,3,1
12,250,250,0,3,3,2,-2,0,-2,3,1
12,250,252,0,3,0,2,-2,3,-2,3,1
12,250,254,0,3,3,2,-2,3,-2,3,1
12,252,252,0,0,0,2,3,3,-2,3,1
12,252,254,0,0,3,2,3,3,-2,3,1
12,254,254,0,3,3,2,3,3,-2,3,1
14,14,14,2,1,1,1,2,2,-3,-3,-3
14,14,16,2,1,-1,1,2,-1,-3,-3,1
14,14,34,2,1,3,1,2,-3,-3,-3,-2
14,14,42,2,1,3,1,2,-2,-3,-3,-2
14,14,48,2,1,0,1,2,-1,-3,-3,1
14,14,50,2,1,2,1,2,-3,-3,-3,1
14,14,68,2,1,-3,1,2,3,-3,-3,-2
14,14,76,2,1,-2,1,2,3,-3,-3,-2
14,14,80,2,1,-1,1,2,0,-3,-3,1
14,14,84,2,1,-3,1,2,2,-3,-3,1
14,14,112,2,1,-1,1,2,-1,-3,-3,2
14,14,142,1,1,3,2,2,3,-3,-3,-3
14,14,170,1,1,3,2,2,0,-3,-3,-2
14,14,174,1,1,3,2,2,2,-3,-3,-2
14,14,178,1,1,3,2,2,-3,-3,-3,1
14,14,186,1,1,3,2,2,-1,-3,-3,1
14,14,204,1,1,0,2,2,3,-3,-3,-2
14,14,206,1,1,2,2,2,3,-3,-3,-2
14,14,212,1,1,-3,2,2,3,-3,-3,1
14,14,220,1,1,-1,2,2,3,-3,-3,1
14,14,238,1,1,3,2,2,3,-3,-3,-2
14,14,240,1,1,0,2,2,0,-3,-3,1
14,14,242,1,1,2,2,2,-2,-3,-3,3
14,14,244,1,1,-2,2,2,2,-3,-3,3
14,14,250,1,1,3,2,2,0,-3,-3,1
14,14,252,1,1,0,2,2,3,-3,-3,1
14,14,254,1,1,3,2,2,3,-3,-3,1
14,16,16,2,-3,-1,1,-3,-1,-3,3,1
14,16,34,2,-3,3,1,-3,-3,-3,3,-2
14,16,42,2,-3,3,1,-3,-2,-3,3,-2
14,16,48,2,-3,0,1,-3,-1,-3,3,1
14,16,50,2,-3,2,1,-3,-3,-3,3,1
14,16,68,2,-3,-3,1,-3,3,-3,3,-2
14,16,76,2,-3,-2,1,-3,3,-3,3,-2
14,16,80,2,-3,-1,1,-3,0,-3,3,1
14,16,84,2,-3,-3,1,-3,2,-3,3,1
14,16,112,2,-3,-1,1,-3,-1,-3,3,2
14,16,142,1,-3,3,2,-3,3,-3,3,-3
14,16,170,1,-3,3,2,-3,0,-3,3,-2
14,16,174,1,-3,3,2,-3,2,-3,3,-2
14,16,178,1,-3,3,2,-3,-3,-3,3,1
14,16,186,1,-3,3,2,-3,-1,-3,3,1
14,16,204,1,-3,0,2,-3,3,-3,3,-2
14,16,206,1,-3,2,2,-3,3,-3,3,-2
14,16,212,1,-3,-3,2,-3,3,-3,3,1
14,16,220,1,-3,-1,2,-3,3,-3,3,1
14,16,238,1,-3,3,2,-3,3,-3,3,-2
14,16,240,1,-3,0,2,-3,0,-3,3,1
14,16,242,1,-3,2,2,-3,-2,-3,3,3
14,16,244,1,-3,-2,2,-3,2,-3,3,3
14,16,250,1,-3,3,2,-3,0,-3,3,1
14,16,252,1,-3,0,2,-3,3,-3,3,1
14,16,254,1,-3,3,2,-3,3,-3,3,1
14,34,34,2,3,3,1,-3,-3,-3,-2,-2
14,34,42,2,3,3,1,-3,-2,-3,-2,-2
14,34,48,2,3,0,1,-3,-1,-3,-2,1
14,34,50,2,3,2,1,-3,-3,-3,-2,1
14,34,68,2,3,-3,1,-3,3,-3,-2,-2
14,34,76,2,3,-2,1,-3,3,-3,-2,-2
14,34,80,2,3,-1,1,-3,0,-3,-2,1
14,34,84,2,3,-3,1,-3,2,-3,-2,1
14,34,112,2,3,-1,1,-3,-1,-3,-2,2
14,34,142,1,3,3,2,-3,3,-3,-2,-3
14,34,170,1,3,3,2,-3,0,-3,0,-2
14,34,174,1,3,3,2,-3,2,-3,-2,-2
14,34,178,1,3,3,2,-3,-3,-3,-1,1
14,34,186,1,3,3,2,-3,-1,-3,-1,1
14,34,204,1,3,0,2,-3,3,-3,0,-2
14,34,206,1,3,2,2,-3,3,-3,-1,-2
14,34,212,1,3,-3,2,-3,3,-3,-1,1
14,34,220,1,3,-1,2,-3,3,-3,-1,1
14,34,238,1,3,3,2,-3,3,-3,0,-2
14,34,240,1,3,0,2,-3,0,-3,0,1
14,34,242,1,3,2,2,-3,-2,-3,-2,3
14,34,244,1,3,-2,2,-3,2,-3,-1,3
14,34,250,1,3,3,2,-3,0,-3,-2,1
14,34,252,1,3,0,2,-3,3,-3,-1,1
14,34,254,1,3,3,2,-3,3,-3,-1,1
14,42,42,2,3,3,1,-2,-2,-3,-2,-2
14,42,48,2,3,0,1,-2,-1,-3,-2,1
14,42,50,2,3,2,1,-2,-3,-3,-2,1
14,42,68,2,3,-3,1,-2,3,-3,-2,-2
14,42,76,2,3,-2,1,-2,3,-3,-2,-2
14,42,80,2,3,-1,1,-2,0,-3,-2,1
14,42,84,2,3,-3,1,-2,2,-3,-2,1
14,42,112,2,3,-1,1,-2,-1,-3,-2,2
14,42,142,1,3,3,2,-2,3,-3,-2,-3
14,42,170,1,3,3,2,-2,0,-3,-1,-2
14,42,174,1,3,3,2,-2,2,-3,-2,-2
14,42,178,1,3,3,2,-2,-3,-3,-1,1
14,42,186,1,3,3,2,-2,-1,-3,-1,1
14,42,204,1,3,0,2,-2,3,-3,-1,-2
14,42,206,1,3,2,2,-2,3,-3,-1,-2
14,42,212,1,3,-3,2,-2,3,-3,-1,1
14,42,220,1,3,-1,2,-2,3,-3,-1,1
14,42,238,1,3,3,2,-2,3,-3,-1,-2
14,42,240,1,3,0,2,-2,0,-3,-1,1
14,42,242,1,3,2,2,-2,-2,-3,-2,3
14,42,244,1,3,-2,2,-2,2,-3,-1,3
14,42,250,1,3,3,2,-2,0,-3,-2,1
14,42,252,1,3,0,2,-2,3,-3,-1,1
14,42,254,1,3,3,2,-2,3,-3,-1,1
14,48,48,2,-2,0,1,-3,-1,-3,3,1
14,48,50,2,-2,2,1,-3,-3,-3,3,1
14,48,68,2,-2,-3,1,-3,3,-3,3,-2
14,48,76,2,-2,-2,1,-3,3,-3,3,-2
14,48,80,2,-2,-1,1,-3,0,-3,3,1
14,48,84,2,-2,-3,1,-3,2,-3,3,1
14,48,112,2,-2,-1,1,-3,-1,-3,3,2
14,48,142,1,0,3,2,-3,3,-3,3,-3
14,48,170,1,0,3,2,-3,0,-3,3,-2
14,48,174,1,0,3,2,-3,2,-3,3,-2
14,48,178,1,-1,3,2,-3,-3,-3,3,1
14,48,186,1,-1,3,2,-3,-1,-3,3,1
14,48,204,1,0,0,2,-3,3,-3,3,-2
14,48,206,1,0,2,2,-3,3,-3,3,-2
14,48,212,1,-1,-3,2,-3,3,-3,3,1
14,48,220,1,-1,-1,2,-3,3,-3,3,1
14,48,238,1,0,3,2,-3,3,-3,3,-2
14,48,240,1,0,0,2,-3,0,-3,3,1
14,48,242,1,0,2,2,-3,-2,-3,3,3
14,48,244,1,-1,-2,2,-3,2,-3,3,3
14,48,250,1,0,3,2,-3,0,-3,3,1
14,48,252,1,-1,0,2,-3,3,-3,3,1
14,48,254,1,-1,3,2,-3,3,-3,3,1
14,50,50,2,2,2,1,-3,-3,-3,1,1
14,50,68,2,2,-3,1,-3,3,-3,1,-2
14,50,76,2,2,-2,1,-3,3,-3,1,-2
14,50,80,2,2,-1,1,-3,0,-3,1,1
14,50,84,2,2,-3,1,-3,2,-3,1,1
14,50,112,2,2,-1,1,-3,-1,-3,1,2
14,50,142,1,2,3,2,-3,3,-3,1,-3
14,50,170,1,2,3,2,-3,0,-3,1,-2
14,50,174,1,2,3,2,-3,2,-3,1,-2
14,50,178,1,2,3,2,-3,-3,-3,1,1
14,50,186,1,2,3,2,-3,-1,-3,1,1
14,50,204,1,2,0,2,-3,3,-3,1,-2
14,50,206,1,2,2,2,-3,3,-3,1,-2
14,50,212,1,2,-3,2,-3,3,-3,1,1
14,50,220,1,2,-1,2,-3,3,-3,1,1
14,50,238,1,2,3,2,-3,3,-3,1,-2
14,50,240,1,2,0,2,-3,0,-3,1,1
14,50,242,1,2,2,2,-3,-2,-3,1,3
14,50,244,1,2,-2,2,-3,2,-3,1,3
14,50,250,1,2,3,2,-3,0,-3,1,1
14,50,252,1,2,0,2,-3,3,-3,1,1
14,50,254,1,2,3,2,-3,3,-3,1,1
14,68,68,2,-3,-3,1,3,3,-3,-2,-2
14,68,76,2,-3,-2,1,3,3,-3,-2,-2
14,68,80,2,-3,-1,1,3,0,-3,-2,1
14,68,84,2,-3,-3,1,3,2,-3,-2,1
14,68,112,2,-3,-1,1,3,-1,-3,-2,2
14,68,142,1,-3,3,2,3,3,-3,-2,-3
14,68,170,1,-3,3,2,3,0,-3,-2,-2
14,68,174,1,-3,3,2,3,2,-3,-2,-2
14,68,178,1,-3,3,2,3,-3,-3,-2,1
14,68,186,1,-3,3,2,3,-2,-3,-2,1
14,68,204,1,-3,0,2,3,3,-3,-2,-2
14,68,206,1,-3,2,2,3,3,-3,-2,-2
14,68,212,1,-3,-3,2,3,3,-3,-2,1
14,68,220,1,-3,-1,2,3,3,-3,-2,1
14,68,238,1,-3,3,2,3,3,-3,-2,-2
14,68,240,1,-3,0,2,3,0,-3,-2,1
14,68,242,1,-3,2,2,3,-2,-3,-2,3
14,68,244,1,-3,-2,2,3,2,-3,-2,3
14,68,250,1,-3,3,2,3,0,-3,-2,1
14,68,252,1,-3,0,2,3,3,-3,-2,1
14,68,254,1,-3,3,2,3,3,-3,-2,1
14,76,76,2,-2,-2,1,3,3,-3,-2,-2
14,76,80,2,-2,-1,1,3,0,-3,-2,1
14,76,84,2,-2,-3,1,3,2,-3,-2,1
14,76,112,2,-2,-1,1,3,-1,-3,-2,2
14,76,142,1,-2,3,2,3,3,-3,-2,-3
14,76,170,1,-2,3,2,3,0,-3,-2,-2
14,76,174,1,-2,3,2,3,2,-3,-2,-2
14,76,178,1,-2,3,2,3,-3,-3,-2,1
14,76,186,1,-2,3,2,3,-2,-3,-2,1
14,76,204,1,-2,0,2,3,3,-3,-2,-2
14,76,206,1,-2,2,2,3,3,-3,-2,-2
14,76,212,1,-2,-3,2,3,3,-3,-2,1
14,76,220,1,-2,-1,2,3,3,-3,-2,1
14,76,238,1,-2,3,2,3,3,-3,-2,-2
14,76,240,1,-2,0,2,3,0,-3,-2,1
14,76,242,1,-2,2,2,3,-2,-3,-2,3
14,76,244,1,-2,-2,2,3,2,-3,-2,3
14,76,250,1,-2,3,2,3,0,-3,-2,1
14,76,252,1,-2,0,2,3,3,-3,-2,1
14,76,254,1,-2,3,2,3,3,-3,-2,1
14,80,80,2,-3,-1,1,-2,0,-3,3,1
14,80,84,2,-3,-3,1,-2,2,-3,3,1
14,80,112,2,-3,-1,1,-2,-1,-3,3,2
14,80,142,1,-3,3,2,-2,3,-3,3,-3
14,80,170,1,-3,3,2,-2,0,-3,3,-2
14,80,174,1,-3,3,2,-2,2,-3,3,-2
14,80,178,1,-3,3,2,-2,-3,-3,3,1
14,80,186,1,-3,3,2,-2,-2,-3,3,1
14,80,204,1,-3,0,2,-2,3,-3,3,-2
14,80,206,1,-3,2,2,-2,3,-3,3,-2
14,80,212,1,-3,-3,2,-2,3,-3,3,1
14,80,220,1,-3,-1,2,-2,3,-3,3,1
14,80,238,1,-3,3,2,-2,3,-3,3,-2
14,80,240,1,-3,0,2,-2,0,-3,3,1
14,80,242,1,-3,2,2,-2,-2,-3,3,3
14,80,244,1,-3,-2,2,-2,2,-3,3,3
14,80,250,1,-3,3,2,-2,0,-3,3,1
14,80,252,1,-3,0,2,-2,3,-3,3,1
14,80,254,1,-3,3,2,-2,3,-3,3,1
14,84,84,2,-3,-3,1,2,2,-3,1,1
14,84,112,2,-3,-1,1,2,-1,-3,1,2
14,84,142,1,-3,3,2,2,3,-3,1,-3
14,84,170,1,-3,3,2,2,0,-3,1,-2
14,84,174,1,-3,3,2,2,2,-3,1,-2
14,84,178,1,-3,3,2,2,-3,-3,1,1
14,84,186,1,-3,3,2,2,-1,-3,1,1
14,84,204,1,-3,0,2,2,3,-3,1,-2
14,84,206,1,-3,2,2,2,3,-3,1,-2
14,84,212,1,-3,-3,2,2,3,-3,1,1
14,84,220,1,-3,-1,2,2,3,-3,1,1
14,84,238,1,-3,3,2,2,3,-3,1,-2
14,84,240,1,-3,0,2,2,0,-3,1,1
14,84,242,1,-3,2,2,2,-2,-3,1,3
14,84,244,1,-3,-2,2,2,2,-3,1,3
14,84,250,1,-3,3,2,2,0,-3,1,1
14,84,252,1,-3,0,2,2,3,-3,1,1
14,84,254,1,-3,3,2,2,3,-3,1,1
14,112,112,2,-2,-1,1,-2,-1,-3,3,2
14,112,142,1,-1,3,2,-2,3,-3,3,-3
14,112,170,1,-1,3,2,-2,0,-3,3,-2
14,112,174,1,-1,3,2,-2,2,-3,3,-2
14,112,178,1,-1,3,2,-2,-3,-3,3,1
14,112,186,1,-1,3,2,-2,-2,-3,3,1
14,112,204,1,-1,0,2,-2,3,-3,3,-2
14,112,206,1,-1,2,2,-2,3,-3,3,-2
14,112,212,1,-1,-3,2,-2,3,-3,3,1
14,112,220,1,-1,-1,2,-2,3,-3,3,1
14,112,238,1,-1,3,2,-2,3,-3,3,-2
14,112,240,1,-1,0,2,-2,0,-3,3,1
14,112,242,1,-1,2,2,-2,-2,-3,3,3
14,112,244,1,-1,-2,2,-2,2,-3,3,3
14,112,250,1,-1,3,2,-2,0,-3,3,1
14,112,252,1,-1,0,2,-2,3,-3,3,1
14,112,254,1,-1,3,2,-2,3,-3,3,1
14,142,142,1,3,3,2,3,3,-3,-3,-3
14,142,170,1,3,3,2,3,0,-3,-3,-2
14,142,174,1,3,3,2,3,2,-3,-3,-2
14,142,178,1,3,3,2,3,-3,-3,-3,1
14,142,186,1,3,3,2,3,-1,-3,-3,1
14,142,204,1,3,0,2,3,3,-3,-3,-2
14,142,206,1,3,2,2,3,3,-3,-3,-2
14,142,212,1,3,-3,2,3,3,-3,-3,1
14,142,220,1,3,-1,2,3,3,-3,-3,1
14,142,238,1,3,3,2,3,3,-3,-3,-2
14,142,240,1,3,0,2,3,0,-3,-3,1
14,142,242,1,3,2,2,3,-2,-3,-3,3
14,142,244,1,3,-2,2,3,2,-3,-3,3
14,142,250,1,3,3,2,3,0,-3,-3,1
14,142,252,1,3,0,2,3,3,-3,-3,1
14,142,254,1,3,3,2,3,3,-3,-3,1
14,170,170,1,3,3,2,-2,0,-3,0,-2
14,170,174,1,3,3,2,-2,2,-3,0,-2
14,170,178,1,3,3,2,-2,-3,-3,0,1
14,170,186,1,3,3,2,-2,-1,-3,0,1
14,170,204,1,3,0,2,-2,3,-3,0,-2
14,170,206,1,3,2,2,-2,3,-3,0,-2
14,170,212,1,3,-3,2,-2,3,-3,0,1
14,170,220,1,3,-1,2,-2,3,-3,0,1
14,170,238,1,3,3,2,-2,3,-3,0,-2
14,170,240,1,3,0,2,-2,0,-3,0,1
14,170,242,1,3,2,2,-2,-2,-3,0,3
14,170,244,1,3,-2,2,-2,2,-3,0,3
14,170,250,1,3,3,2,-2,0,-3,0,1
14,170,252,1,3,0,2,-2,3,-3,0,1
14,170,254,1,3,3,2,-2,3,-3,0,1
14,174,174,1,3,3,2,2,2,-3,-2,-2
14,174,178,1,3,3,2,2,-3,-3,-2,1
14,174,186,1,3,3,2,2,-1,-3,-2,1
14,174,204,1,3,0,2,2,3,-3,-2,-2
14,174,206,1,3,2,2,2,3,-3,-2,-2
14,174,212,1,3,-3,2,2,3,-3,-2,1
14,174,220,1,3,-1,2,2,3,-3,-2,1
14,174,238,1,3,3,2,2,3,-3,-2,-2
14,174,240,1,3,0,2,2,0,-3,-2,1
14,174,242,1,3,2,2,2,-2,-3,-2,3
14,174,244,1,3,-2,2,2,2,-3,-2,3
14,174,250,1,3,3,2,2,0,-3,-2,1
14,174,252,1,3,0,2,2,3,-3,-2,1
14,174,254,1,3,3,2,2,3,-3,-2,1
14,178,178,1,3,3,2,-3,-3,-3,3,1
14,178,186,1,3,3,2,-3,-1,-3,3,1
14,178,204,1,3,0,2,-3,3,-3,3,-2
14,178,206,1,3,2,2,-3,3,-3,3,-2
14,178,212,1,3,-3,2,-3,3,-3,3,1
14,178,220,1,3,-1,2,-3,3,-3,3,1
14,178,238,1,3,3,2,-3,3,-3,3,-2
14,178,240,1,3,0,2,-3,0,-3,3,1
14,178,242,1,3,2,2,-3,-2,-3,3,3
14,178,244,1,3,-2,2,-3,2,-3,3,3
14,178,250,1,3,3,2,-3,0,-3,3,1
14,178,252,1,3,0,2,-3,3,-3,3,1
14,178,254,1,3,3,2,-3,3,-3,3,1
14,186,186,1,3,3,2,-2,-1,-3,2,1
14,186,204,1,3,0,2,-2,3,-3,2,-2
14,186,206,1,3,2,2,-2,3,-3,2,-2
14,186,212,1,3,-3,2,-2,3,-3,2,1
14,186,220,1,3,-1,2,-2,3,-3,2,1
14,186,238,1,3,3,2,-2,3,-3,2,-2
14,186,240,1,3,0,2,-2,0,-3,2,1
14,186,242,1,3,2,2,-2,-2,-3,2,3
14,186,244,1,3,-2,2,-2,2,-3,2,3
14,186,250,1,3,3,2,-2,0,-3,2,1
14,186,252,1,3,0,2,-2,3,-3,2,1
14,186,254,1,3,3,2,-2,3,-3,2,1
14,204,204,1,0,0,2,3,3,-3,0,-2
14,204,206,1,0,2,2,3,3,-3,-2,-2
14,204,212,1,0,-3,2,3,3,-3,0,1
14,204,220,1,0,-1,2,3,3,-3,0,1
14,204,238,1,0,3,2,3,3,-3,-2,-2
14,204,240,1,0,0,2,3,0,-3,0,1
14,204,242,1,0,2,2,3,-2,-3,0,3
14,204,244,1,0,-2,2,3,2,-3,0,3
14,204,250,1,0,3,2,3,0,-3,0,1
14,204,252,1,0,0,2,3,3,-3,0,1
14,204,254,1,0,3,2,3,3,-3,-2,1
14,206,206,1,2,2,2,3,3,-3,-2,-2
14,206,212,1,2,-3,2,3,3,-3,-2,1
14,206,220,1,2,-1,2,3,3,-3,-2,1
14,206,238,1,2,3,2,3,3,-3,-2,-2
14,206,240,1,2,0,2,3,0,-3,-2,1
14,206,242,1,2,2,2,3,-2,-3,-2,3
14,206,244,1,2,-2,2,3,2,-3,-2,3
14,206,250,1,2,3,2,3,0,-3,-2,1
14,206,252,1,2,0,2,3,3,-3,-2,1
14,206,254,1,2,3,2,3,3,-3,-2,1
14,212,212,1,-3,-3,2,3,3,-3,3,1
14,212,220,1,-3,-1,2,3,3,-3,3,1
14,212,238,1,-3,3,2,3,3,-3,3,-2
14,212,240,1,-3,0,2,3,0,-3,3,1
14,212,242,1,-3,2,2,3,-2,-3,3,3
14,212,244,1,-3,-2,2,3,2,-3,3,3
14,212,250,1,-3,3,2,3,0,-3,3,1
14,212,252,1,-3,0,2,3,3,-3,3,1
14,212,254,1,-3,3,2,3,3,-3,3,1
14,220,220,1,-2,-1,2,3,3,-3,2,1
14,220,238,1,-2,3,2,3,3,-3,2,-2
14,220,240,1,-2,0,2,3,0,-3,2,1
14,220,242,1,-2,2,2,3,-2,-3,2,3
14,220,244,1,-2,-2,2,3,2,-3,2,3
14,220,250,1,-2,3,2,3,0,-3,2,1
14,220,252,1,-2,0,2,3,3,-3,2,1
14,220,254,1,-2,3,2,3,3,-3,2,1
14,238,238,1,3,3,2,3,3,-3,-2,-2
14,238,240,1,3,0,2,3,0,-3,0,1
14,238,242,1,3,2,2,3,-2,-3,0,3
14,238,244,1,3,-2,2,3,2,-3,0,3
14,238,250,1,3,3,2,3,0,-3,0,1
14,238,252,1,3,0,2,3,3,-3,0,1
14,238,254,1,3,3,2,3,3,-3,-2,1
14,240,240,1,0,0,2,-2,0,-3,3,1
14,240,242,1,0,2,2,-2,-2,-3,3,3
14,240,244,1,0,-2,2,-2,2,-3,3,3
14,240,250,1,0,3,2,-2,0,-3,3,1
14,240,252,1,0,0,2,-2,3,-3,3,1
14,240,254,1,0,3,2,-2,3,-3,3,1
14,242,242,1,2,2,2,-2,-2,-3,3,3
14,242,244,1,2,-2,2,-2,2,-3,3,3
14,242,250,1,2,3,2,-2,0,-3,3,1
14,242,252,1,2,0,2,-2,3,-3,3,1
14,242,254,1,2,3,2,-2,3,-3,3,1
14,244,244,1,-2,-2,2,2,2,-3,3,3
14,244,250,1,-2,3,2,2,0,-3,3,1
14,244,252,1,-2,0,2,2,3,-3,3,1
14,244,254,1,-2,3,2,2,3,-3,3,1
14,250,250,1,3,3,2,-2,0,-3,3,1
14,250,252,1,3,0,2,-2,3,-3,3,1
14,250,254,1,3,3,2,-2,3,-3,3,1
14,252,252,1,0,0,2,3,3,-3,3,1
14,252,254,1,0,3,2,3,3,-3,3,1
14,254,254,1,3,3,2,3,3,-3,3,1
16,16,16,-1,-2,-2,-1,-2,-3,1,2,2
16,16,34,-1,-3,3,-1,-3,-3,1,3,-2
16,16,42,-2,-3,3,-2,-3,-1,2,3,-2
16,16,48,-1,-2,0,-1,-2,-3,1,2,2
16,16,50,-1,-2,1,-1,-2,-3,1,2,2
16,16,68,-1,-3,-2,-1,-3,2,1,3,-1
16,16,76,-2,-3,-1,-2,-3,3,2,3,-2
16,16,80,-1,-2,-3,-1,-2,-2,1,2,3
16,16,84,-1,-2,-3,-1,-2,1,1,2,2
16,16,112,-1,-2,-2,-1,-2,-2,1,2,3
16,16,142,-2,-3,1,-2,-3,3,2,3,-3
16,16,170,-2,-3,3,-2,-3,0,2,3,-2
16,16,174,-2,-3,3,-2,-3,2,2,3,-2
16,16,178,-1,-2,1,-1,-2,-3,1,2,3
16,16,186,-2,-3,3,-2,-3,-1,2,3,1
16,16,204,-2,-3,0,-2,-3,3,2,3,-2
16,16,206,-2,-3,2,-2,-3,3,2,3,-2
16,16,212,-1,-2,-3,-1,-2,1,1,2,3
16,16,220,-2,-3,-1,-2,-3,3,2,3,1
16,16,238,-2,-3,3,-2,-3,3,2,3,-2
16,16,240,-1,-2,0,-1,-2,-2,1,2,3
16,16,242,-1,-2,1,-1,-2,-2,1,2,3
16,16,244,-1,-2,-1,-1,-2,1,1,2,3
16,16,250,-2,-3,3,-2,-3,0,2,3,1
16,16,252,-2,-3,0,-2,-3,3,2,3,1
16,16,254,-2,-3,3,-2,-3,3,2,3,1
16,34,34,-1,2,3,-1,-2,-3,1,-1,-2
16,34,42,-2,3,3,-2,-3,-1,2,-2,-2
16,34,48,-1,1,0,-1,-3,-3,1,0,2
16,34,50,-1,1,1,-1,-3,-3,1,0,2
16,34,68,-1,2,-2,-1,-2,2,1,-1,-1
16,34,76,-2,3,-1,-2,-3,3,2,-2,-2
16,34,80,-1,1,-3,-1,-3,-2,1,0,3
16,34,84,-1,1,-3,-1,-3,1,1,0,2
16,34,112,-1,1,-2,-1,-3,-2,1,0,3
16,34,142,-2,3,1,-2,-3,3,2,-2,-3
16,34,170,-2,3,3,-2,-3,0,2,-2,-2
16,34,174,-1,3,3,-1,-3,2,1,-2,-2
16,34,178,-1,1,1,-1,-2,-3,1,0,3
16,34,186,-1,3,3,-1,-3,-1,1,-2,1
16,34,204,-1,3,0,-1,-3,3,1,-2,-2
16,34,206,-2,3,2,-2,-3,3,2,-2,-2
16,34,212,-1,1,-3,-1,-2,1,1,0,3
16,34,220,-2,3,-1,-2,-3,3,2,-2,1
16,34,238,-2,3,3,-2,-3,3,2,-2,-2
16,34,240,-1,1,0,-1,-2,-2,1,0,3
16,34,242,-1,1,1,-1,-2,-2,1,0,3
16,34,244,-1,1,-2,-1,-2,1,1,0,3
16,34,250,-2,3,3,-2,-3,0,2,-2,1
16,34,252,-1,3,0,-1,-3,3,1,-2,1
16,34,254,-2,3,3,-2,-3,3,2,-2,1
16,42,42,-2,3,3,-2,-2,-1,2,-2,-2
16,42,48,-1,2,0,-1,-1,-3,1,-1,2
16,42,50,-1,2,1,-1,-1,-3,1,-1,2
16,42,68,-1,2,-2,-1,-1,2,1,-1,-1
16,42,76,-2,3,-1,-2,-2,3,2,-2,-2
16,42,80,-1,2,-3,-1,-1,-2,1,-1,3
16,42,84,-1,2,-3,-1,-1,1,1,-1,2
16,42,112,-1,2,-2,-1,-1,-2,1,-1,3
16,42,142,-2,3,1,-2,-2,3,2,-2,-3
16,42,170,-2,3,3,-2,-2,0,2,-2,-2
16,42,174,-2,3,3,-2,-2,2,2,-2,-2
16,42,178,-1,2,1,-1,-1,-3,1,-1,3
16,42,186,-2,3,3,-2,-2,-1,2,-2,1
16,42,204,-2,3,0,-2,-2,3,2,-2,-2
16,42,206,-2,3,2,-2,-2,3,2,-2,-2
16,42,212,-1,2,-3,-1,-1,1,1,-1,3
16,42,220,-2,3,-1,-2,-2,3,2,-2,1
16,42,238,-2,3,3,-2,-2,3,2,-2,-2
16,42,240,-1,2,0,-1,-1,-2,1,-1,3
16,42,242,-1,2,1,-1,-1,-2,1,-1,3
16,42,244,-1,2,-1,-1,-1,1,1,-1,3
16,42,250,-2,3,3,-2,-2,0,2,-2,1
16,42,252,-2,3,0,-2,-2,3,2,-2,1
16,42,254,-2,3,3,-2,-2,3,2,-2,1
16,48,48,-1,-2,0,-1,-3,-3,1,3,2
16,48,50,-1,-2,1,-1,-3,-3,1,3,2
16,48,68,-1,-1,-2,-1,-3,2,1,3,-1
16,48,76,-2,-2,-1,-2,-3,3,2,3,-2
16,48,80,-1,-2,-3,-1,-3,-2,1,3,3
16,48,84,-1,-2,-3,-1,-3,1,1,3,2
16,48,112,-1,-2,-2,-1,-3,-2,1,3,3
16,48,142,-2,-2,1,-2,-3,3,2,3,-3
16,48,170,-2,-2,3,-2,-3,0,2,3,-2
16,48,174,-2,-2,3,-2,-3,2,2,3,-2
16,48,178,-1,-2,1,-1,-3,-3,1,3,3
16,48,186,-2,-2,3,-2,-3,-1,2,3,1
16,48,204,-2,-2,0,-2,-3,3,2,3,-2
16,48,206,-2,-2,2,-2,-3,3,2,3,-2
16,48,212,-1,-2,-3,-1,-3,1,1,3,3
16,48,220,-2,-2,-1,-2,-3,3,2,3,1
16,48,238,-2,-2,3,-2,-3,3,2,3,-2
16,48,240,-1,-2,0,-1,-3,-2,1,3,3
16,48,242,-1,-2,1,-1,-3,-2,1,3,3
16,48,244,-1,-2,-1,-1,-3,1,1,3,3
16,48,250,-2,-2,3,-2,-3,0,2,3,1
16,48,252,-2,-2,0,-2,-3,3,2,3,1
16,48,254,-2,-2,3,-2,-3,3,2,3,1
16,50,50,-1,1,1,-1,-3,-3,1,2,2
16,50,68,-1,1,-2,-1,-2,2,1,1,-1
16,50,76,-1,2,-1,-1,-3,3,1,1,-2
16,50,80,-1,1,-3,-1,-3,-2,1,2,3
16,50,84,-1,1,-3,-1,-3,1,1,2,2
16,50,112,-1,1,-2,-1,-3,-2,1,2,3
16,50,142,-2,2,1,-2,-3,3,2,1,-3
16,50,170,-1,2,3,-1,-3,0,1,1,-2
16,50,174,-1,2,3,-1,-3,2,1,1,-2
16,50,178,-1,1,1,-1,-3,-3,1,2,3
16,50,186,-1,2,3,-1,-3,-1,1,1,1
16,50,204,-1,2,0,-1,-3,3,1,1,-2
16,50,206,-2,2,2,-2,-3,3,2,1,-2
16,50,212,-1,1,-3,-1,-3,1,1,2,3
16,50,220,-2,2,-1,-2,-3,3,2,1,1
16,50,238,-1,2,3,-1,-3,3,1,1,-2
16,50,240,-1,1,0,-1,-3,-2,1,2,3
16,50,242,-1,1,1,-1,-3,-2,1,2,3
16,50,244,-1,1,-1,-1,-3,1,1,2,3
16,50,250,-1,2,3,-1,-3,0,1,1,1
16,50,252,-1,2,0,-1,-3,3,1,1,1
16,50,254,-1,2,3,-1,-3,3,1,1,1
16,68,68,-1,-1,-2,-1,1,2,1,0,-1
16,68,76,-2,-3,-1,-2,3,3,2,-2,-2
16,68,80,-1,-1,-3,-1,1,-2,1,0,3
16,68,84,-1,-1,-3,-1,1,1,1,0,2
16,68,112,-1,-1,-2,-1,1,-2,1,0,3
16,68,142,-2,-3,1,-2,3,3,2,-2,-3
16,68,170,-2,-3,3,-2,3,0,2,-2,-2
16,68,174,-2,-3,3,-2,3,2,2,-2,-2
16,68,178,-1,-1,1,-1,1,-3,1,0,3
16,68,186,-2,-3,3,-2,3,-1,2,-2,1
16,68,204,-2,-3,0,-2,3,3,2,-2,-2
16,68,206,-2,-3,2,-2,3,3,2,-2,-2
16,68,212,-1,-1,-3,-1,1,1,1,0,3
16,68,220,-2,-3,-1,-2,3,3,2,-2,1
16,68,238,-2,-3,3,-2,3,3,2,-2,-2
16,68,240,-1,-1,0,-1,1,-2,1,0,3
16,68,242,-1,-1,1,-1,1,-2,1,0,3
16,68,244,-1,-1,-1,-1,1,1,1,0,3
16,68,250,-2,-3,3,-2,3,0,2,-2,1
16,68,252,-2,-3,0,-2,3,3,2,-2,1
16,68,254,-2,-3,3,-2,3,3,2,-2,1
16,76,76,-2,-2,-1,-2,3,3,2,-2,-2
16,76,80,-1,-1,-3,-1,2,-2,1,-1,3
16,76,84,-1,-1,-3,-1,2,1,1,-1,2
16,76,112,-1,-1,-2,-1,2,-2,1,-1,3
16,76,142,-2,-2,1,-2,3,3,2,-2,-3
16,76,170,-2,-2,3,-2,3,0,2,-2,-2
16,76,174,-2,-2,3,-2,3,2,2,-2,-2
16,76,178,-1,-1,1,-1,2,-3,1,-1,3
16,76,186,-2,-2,3,-2,3,-1,2,-2,1
16,76,204,-2,-2,0,-2,3,3,2,-2,-2
16,76,206,-2,-2,2,-2,3,3,2,-2,-2
16,76,212,-1,-1,-3,-1,2,1,1,-1,3
16,76,220,-2,-2,-1,-2,3,3,2,-2,1
16,76,238,-2,-2,3,-2,3,3,2,-2,-2
16,76,240,-1,-1,0,-1,2,-2,1,-1,3
16,76,242,-1,-1,1,-1,2,-2,1,-1,3
16,76,244,-1,-1,-1,-1,2,1,1,-1,3
16,76,250,-2,-2,3,-2,3,0,2,-2,1
16,76,252,-2,-2,0,-2,3,3,2,-2,1
16,76,254,-2,-2,3,-2,3,3,2,-2,1
16,80,80,-1,-2,-3,-1,-1,-2,1,2,3
16,80,84,-1,-2,-3,-1,-1,1,1,2,2
16,80,112,-1,-2,-2,-1,-1,-2,1,2,3
16,80,142,-2,-3,1,-2,-2,3,2,3,-3
16,80,170,-2,-3,3,-2,-2,0,2,3,-2
16,80,174,-2,-3,3,-2,-2,2,2,3,-2
16,80,178,-1,-2,1,-1,-1,-3,1,2,3
16,80,186,-2,-3,3,-2,-2,-1,2,3,1
16,80,204,-2,-3,0,-2,-2,3,2,3,-2
16,80,206,-2,-3,2,-2,-2,3,2,3,-2
16,80,212,-1,-2,-3,-1,-1,1,1,2,3
16,80,220,-2,-3,-1,-2,-2,3,2,3,1
16,80,238,-2,-3,3,-2,-2,3,2,3,-2
16,80,240,-1,-2,0,-1,-1,-2,1,2,3
16,80,242,-1,-2,1,-1,-1,-2,1,2,3
16,80,244,-1,-2,-1,-1,-1,1,1,2,3
16,80,250,-2,-3,3,-2,-2,0,2,3,1
16,80,252,-2,-3,0,-2,-2,3,2,3,1
16,80,254,-2,-3,3,-2,-2,3,2,3,1
16,84,84,-1,-2,-3,-1,1,1,1,1,2
16,84,112,-1,-2,-2,-1,1,-2,1,1,3
16,84,142,-2,-3,1,-2,2,3,2,1,-3
16,84,170,-1,-3,3,-1,2,0,1,1,-2
16,84,174,-1,-3,3,-1,2,2,1,1,-2
16,84,178,-1,-2,1,-1,1,-3,1,1,3
16,84,186,-1,-3,3,-1,2,-1,1,1,1
16,84,204,-1,-3,0,-1,2,3,1,1,-2
16,84,206,-2,-3,2,-2,2,3,2,1,-2
16,84,212,-1,-2,-3,-1,1,1,1,1,3
16,84,220,-2,-3,-1,-2,2,3,2,1,1
16,84,238,-1,-3,3,-1,2,3,1,1,-2
16,84,240,-1,-2,0,-1,1,-2,1,1,3
16,84,242,-1,-2,1,-1,1,-2,1,1,3
16,84,244,-1,-2,-1,-1,1,1,1,1,3
16,84,250,-1,-3,3,-1,2,0,1,1,1
16,84,252,-1,-3,0,-1,2,3,1,1,1
16,84,254,-1,-3,3,-1,2,3,1,1,1
16,112,112,-1,-2,-2,-1,-2,-2,1,3,3
16,112,142,-2,-2,1,-2,-2,3,2,3,-3
16,112,170,-2,-2,3,-2,-2,0,2,3,-2
16,112,174,-2,-2,3,-2,-2,2,2,3,-2
16,112,178,-1,-2,1,-1,-2,-3,1,3,3
16,112,186,-2,-2,3,-2,-2,-1,2,3,1
16,112,204,-2,-2,0,-2,-2,3,2,3,-2
16,112,206,-2,-2,2,-2,-2,3,2,3,-2
16,112,212,-1,-2,-3,-1,-2,1,1,3,3
16,112,220,-2,-2,-1,-2,-2,3,2,3,1
16,112,238,-2,-2,3,-2,-2,3,2,3,-2
16,112,240,-1,-2,0,-1,-2,-2,1,3,3
16,112,242,-1,-2,1,-1,-2,-2,1,3,3
16,112,244,-1,-2,-1,-1,-2,1,1,3,3
16,112,250,-2,-2,3,-2,-2,0,2,3,1
16,112,252,-2,-2,0,-2,-2,3,2,3,1
16,112,254,-2,-2,3,-2,-2,3,2,3,1
16,142,142,-2,3,1,-2,3,3,2,-3,-3
16,142,170,-1,3,3,-1,3,0,1,-3,-2
16,142,174,-1,3,3,-1,3,2,1,-3,-2
16,142,178,-1,2,1,-1,3,-3,1,-3,3
16,142,186,-1,3,3,-1,3,-1,1,-3,1
16,142,204,-1,3,0,-1,3,3,1,-3,-2
16,142,206,-2,3,2,-2,3,3,2,-3,-2
16,142,212,-1,2,-3,-1,3,1,1,-3,3
16,142,220,-2,3,-1,-2,3,3,2,-3,1
16,142,238,-1,3,3,-1,3,3,1,-3,-2
16,142,240,-1,2,0,-1,3,-2,1,-3,3
16,142,242,-1,2,1,-1,3,-2,1,-3,3
16,142,244,-1,2,-1,-1,3,1,1,-3,3
16,142,250,-1,3,3,-1,3,0,1,-3,1
16,142,252,-1,3,0,-1,3,3,1,-3,1
16,142,254,-1,3,3,-1,3,3,1,-3,1
16,170,170,-1,3,3,-1,-1,0,1,-1,-2
16,170,174,-1,3,3,-1,-1,2,1,-1,-2
16,170,178,-1,2,1,-1,-1,-3,1,0,3
16,170,186,-1,3,3,-1,-1,-1,1,-1,1
16,170,204,-1,3,0,-1,-1,3,1,-1,-2
16,170,206,-2,3,2,-2,-1,3,2,-1,-2
16,170,212,-1,2,-3,-1,-1,1,1,0,3
16,170,220,-2,3,-1,-2,-1,3,2,-1,1
16,170,238,-1,3,3,-1,-1,3,1,-1,-2
16,170,240,-1,2,0,-1,-1,-2,1,0,3
16,170,242,-1,2,1,-1,-1,-2,1,0,3
16,170,244,-1,2,-1,-1,-1,1,1,0,3
16,170,250,-1,3,3,-1,-1,0,1,-1,1
16,170,252,-1,3,0,-1,-1,3,1,-1,1
16,170,254,-1,3,3,-1,-1,3,1,-1,1
16,174,174,-2,3,3,-2,2,2,2,-2,-2
16,174,178,-1,3,1,-1,2,-3,1,-2,3
16,174,186,-2,3,3,-2,2,-1,2,-2,1
16,174,204,-2,3,0,-2,2,3,2,-2,-2
16,174,206,-2,3,2,-2,2,3,2,-2,-2
16,174,212,-1,3,-3,-1,2,1,1,-2,3
16,174,220,-2,3,-1,-2,2,3,2,-2,1
16,174,238,-2,3,3,-2,2,3,2,-2,-2
16,174,240,-1,3,0,-1,2,-2,1,-2,3
16,174,242,-1,3,1,-1,2,-2,1,-2,3
16,174,244,-1,3,-1,-1,2,1,1,-2,3
16,174,250,-2,3,3,-2,2,0,2,-2,1
16,174,252,-2,3,0,-2,2,3,2,-2,1
16,174,254,-2,3,3,-2,2,3,2,-2,1
16,178,178,-1,1,1,-1,-3,-3,1,3,3
16,178,186,-1,3,3,-1,-3,-1,1,3,1
16,178,204,-1,3,0,-1,-3,3,1,3,-2
16,178,206,-2,3,2,-2,-3,3,2,3,-2
16,178,212,-1,1,-3,-1,-3,1,1,3,3
16,178,220,-2,3,-1,-2,-3,3,2,3,1
16,178,238,-1,3,3,-1,-3,3,1,3,-2
16,178,240,-1,1,0,-1,-2,-2,1,2,3
16,178,242,-1,1,1,-1,-3,-2,1,3,3
16,178,244,-1,1,-2,-1,-3,1,1,3,3
16,178,250,-1,3,3,-1,-3,0,1,3,1
16,178,252,-1,3,0,-1,-3,3,1,3,1
16,178,254,-1,3,3,-1,-3,3,1,3,1
16,186,186,-2,3,3,-2,-2,-1,2,2,1
16,186,204,-2,3,0,-2,-2,3,2,2,-2
16,186,206,-2,3,2,-2,-2,3,2,2,-2
16,186,212,-1,3,-3,-1,-2,1,1,2,3
16,186,220,-2,3,-1,-2,-2,3,2,2,1
16,186,238,-2,3,3,-2,-2,3,2,2,-2
16,186,240,-1,3,0,-1,-2,-2,1,2,3
16,186,242,-1,3,1,-1,-2,-2,1,2,3
16,186,244,-1,3,-1,-1,-2,1,1,2,3
16,186,250,-2,3,3,-2,-2,0,2,2,1
16,186,252,-2,3,0,-2,-2,3,2,2,1
16,186,254,-2,3,3,-2,-2,3,2,2,1
16,204,204,-2,-1,0,-2,3,3,2,-1,-2
16,204,206,-2,-1,2,-2,3,3,2,-1,-2
16,204,212,-1,-1,-3,-1,3,1,1,-1,3
16,204,220,-2,-1,-1,-2,3,3,2,-1,1
16,204,238,-2,-1,3,-2,3,3,2,-1,-2
16,204,240,-1,-1,0,-1,3,-2,1,-1,3
16,204,242,-1,-1,1,-1,3,-2,1,-1,3
16,204,244,-1,-1,-1,-1,3,1,1,-1,3
16,204,250,-2,-1,3,-2,3,0,2,-1,1
16,204,252,-2,-1,0,-2,3,3,2,-1,1
16,204,254,-2,-1,3,-2,3,3,2,-1,1
16,206,206,-2,2,2,-2,3,3,2,-2,-2
16,206,212,-1,2,-3,-1,3,1,1,-2,3
16,206,220,-2,2,-1,-2,3,3,2,-2,1
16,206,238,-1,2,3,-1,3,3,1,-2,-2
16,206,240,-1,2,0,-1,3,-2,1,-2,3
16,206,242,-1,2,1,-1,3,-2,1,-2,3
16,206,244,-1,2,-1,-1,3,1,1,-2,3
16,206,250,-1,2,3,-1,3,0,1,-2,1
16,206,252,-1,2,0,-1,3,3,1,-2,1
16,206,254,-1,2,3,-1,3,3,1,-2,1
16,212,212,-1,-1,-3,-1,1,1,1,1,3
16,212,220,-2,-3,-1,-2,3,3,2,3,1
16,212,238,-2,-3,3,-2,3,3,2,3,-2
16,212,240,-1,-1,0,-1,1,-2,1,1,3
16,212,242,-1,-1,1,-1,1,-2,1,1,3
16,212,244,-1,-1,-1,-1,1,1,1,1,3
16,212,250,-2,-3,3,-2,3,0,2,3,1
16,212,252,-2,-3,0,-2,3,3,2,3,1
16,212,254,-2,-3,3,-2,3,3,2,3,1
16,220,220,-2,-2,-1,-2,3,3,2,2,1
16,220,238,-2,-2,3,-2,3,3,2,2,-2
16,220,240,-1,-1,0,-1,3,-2,1,1,3
16,220,242,-1,-1,1,-1,3,-2,1,1,3
16,220,244,-1,-1,-1,-1,3,1,1,1,3
16,220,250,-2,-2,3,-2,3,0,2,2,1
16,220,252,-2,-2,0,-2,3,3,2,2,1
16,220,254,-2,-2,3,-2,3,3,2,2,1
16,238,238,-2,3,3,-2,3,3,2,-2,-2
16,238,240,-1,3,0,-1,3,-2,1,-2,3
16,238,242,-1,3,1,-1,3,-2,1,-2,3
16,238,244,-1,3,-1,-1,3,1,1,-2,3
16,238,250,-2,3,3,-2,3,0,2,-2,1
16,238,252,-2,3,0,-2,3,3,2,-2,1
16,238,254,-2,3,3,-2,3,3,2,-2,1
16,240,240,-1,-1,0,-1,-1,-2,1,3,3
16,240,242,-1,-1,1,-1,-1,-2,1,3,3
16,240,244,-1,-1,-1,-1,-1,1,1,3,3
16,240,250,-2,-1,3,-2,-1,0,2,3,1
16,240,252,-2,-1,0,-2,-1,3,2,3,1
16,240,254,-2,-1,3,-2,-1,3,2,3,1
16,242,242,-1,1,1,-1,-2,-2,1,3,3
16,242,244,-1,1,-2,-1,-2,1,1,3,3
16,242,250,-1,2,3,-1,-2,0,1,3,1
16,242,252,-1,2,0,-1,-2,3,1,3,1
16,242,254,-1,2,3,-1,-2,3,1,3,1
16,244,244,-1,-1,-1,-1,1,1,1,2,3
16,244,250,-2,-2,3,-2,2,0,2,3,1
16,244,252,-2,-2,0,-2,2,3,2,3,1
16,244,254,-2,-2,3,-2,2,3,2,3,1
16,250,250,-2,3,3,-2,-2,0,2,3,1
16,250,252,-2,3,0,-2,-2,3,2,3,1
16,250,254,-2,3,3,-2,-2,3,2,3,1
16,252,252,-2,-2,0,-2,3,3,2,3,1
16,252,254,-2,-2,3,-2,3,3,2,3,1
16,254,254,-1,3,3,-1,3,3,1,3,1
34,34,34,1,3,3,-3,-3,-3,0,-2,-2
34,34,42,1,3,3,-3,-3,-2,0,-2,-2
34,34,48,1,3,0,-3,-3,-3,0,-2,3
34,34,50,1,3,2,-3,-3,-3,0,-2,1
34,34,68,1,3,-3,-3,-3,3,0,-2,-2
34,34,76,1,3,-2,-3,-3,3,0,-2,-2
34,34,80,1,3,-3,-3,-3,-2,0,-2,3
34,34,84,1,3,-3,-3,-3,2,0,-2,1
34,34,112,1,3,-2,-3,-3,-2,0,-2,3
34,34,142,1,3,3,-3,-3,3,0,-2,-3
34,34,170,1,3,3,-3,-3,0,0,-2,-2
34,34,174,1,3,3,-3,-3,2,0,-2,-2
34,34,178,1,3,3,-3,-3,-3,0,-2,1
34,34,186,1,3,3,-3,-3,-1,0,-2,1
34,34,204,1,3,0,-3,-3,3,0,-2,-2
34,34,206,1,3,2,-3,-3,3,0,-2,-2
34,34,212,1,3,-3,-3,-3,3,0,-2,1
34,34,220,1,3,-1,-3,-3,3,0,-2,1
34,34,238,1,3,3,-3,-3,3,0,-2,-2
34,34,240,1,3,0,-3,-3,0,0,-2,1
34,34,242,1,3,2,-3,-3,-2,0,-2,3
34,34,244,1,3,-2,-3,-3,2,0,-2,3
34,34,250,1,3,3,-3,-3,0,0,-2,1
34,34,252,1,3,0,-3,-3,3,0,-2,1
34,34,254,1,3,3,-3,-3,3,0,-2,1
34,42,42,1,3,3,-3,-2,-2,0,-2,-2
34,42,48,1,3,0,-3,-2,-3,0,-2,3
34,42,50,1,3,2,-3,-2,-3,0,-2,1
34,42,68,1,3,-3,-3,-2,3,0,-2,-2
34,42,76,1,3,-2,-3,-2,3,0,-2,-2
34,42,80,1,3,-3,-3,-2,-2,0,-2,3
34,42,84,1,3,-3,-3,-2,2,0,-2,1
34,42,112,1,3,-2,-3,-2,-2,0,-2,3
34,42,142,1,3,3,-3,-2,3,0,-2,-3
34,42,170,1,3,3,-3,-2,0,0,-2,-2
34,42,174,1,3,3,-3,-2,2,0,-2,-2
34,42,178,1,3,3,-3,-2,-3,0,-2,1
34,42,186,1,3,3,-3,-2,-1,0,-2,1
34,42,204,1,3,0,-3,-2,3,0,-2,-2
34,42,206,1,3,2,-3,-2,3,0,-2,-2
34,42,212,1,3,-3,-3,-2,3,0,-2,1
34,42,220,1,3,-1,-3,-2,3,0,-2,1
34,42,238,1,3,3,-3,-2,3,0,-2,-2
34,42,240,1,3,0,-3,-2,0,0,-2,1
34,42,242,1,3,2,-3,-2,-2,0,-2,3
34,42,244,1,3,-2,-3,-2,2,0,-2,3
34,42,250,1,3,3,-3,-2,0,0,-2,1
34,42,252,1,3,0,-3,-2,3,0,-2,1
34,42,254,1,3,3,-3,-2,3,0,-2,1
34,48,48,1,-2,0,-3,-3,-3,0,3,3
34,48,50,1,-2,2,-3,-3,-3,0,3,1
34,48,68,1,-2,-3,-3,-3,3,0,3,-2
34,48,76,1,-2,-2,-3,-3,3,0,3,-2
34,48,80,1,-2,-3,-3,-3,-2,0,3,3
34,48,84,1,-2,-3,-3,-3,2,0,3,1
34,48,112,1,-2,-2,-3,-3,-2,0,3,3
34,48,142,1,-2,3,-3,-3,3,0,3,-3
34,48,170,1,-2,3,-3,-3,0,0,3,-2
34,48,174,1,-2,3,-3,-3,2,0,3,-2
34,48,178,1,-2,3,-3,-3,-3,0,3,1
34,48,186,1,-2,3,-3,-3,-1,0,3,1
34,48,204,1,-2,0,-3,-3,3,0,3,-2
34,48,206,1,-2,2,-3,-3,3,0,3,-2
34,48,212,1,-2,-3,-3,-3,3,0,3,1
34,48,220,1,-2,-1,-3,-3,3,0,3,1
34,48,238,1,-2,3,-3,-3,3,0,3,-2
34,48,240,1,-2,0,-3,-3,0,0,3,1
34,48,242,1,-2,2,-3,-3,-2,0,3,3
34,48,244,1,-2,-2,-3,-3,2,0,3,3
34,48,250,1,-2,3,-3,-3,0,0,3,1
34,48,252,1,-2,0,-3,-3,3,0,3,1
34,48,254,1,-2,3,-3,-3,3,0,3,1
34,50,50,1,2,2,-3,-3,-3,0,1,1
34,50,68,1,2,-3,-3,-3,3,0,1,-2
34,50,76,1,2,-2,-3,-3,3,0,1,-2
34,50,80,1,2,-3,-3,-3,-2,0,1,3
34,50,84,1,2,-3,-3,-3,2,0,1,1
34,50,112,1,2,-2,-3,-3,-2,0,1,3
34,50,142,1,2,3,-3,-3,3,0,1,-3
34,50,170,1,2,3,-3,-3,0,0,1,-2
34,50,174,1,2,3,-3,-3,2,0,1,-2
34,50,178,1,2,3,-3,-3,-3,0,1,1
34,50,186,1,2,3,-3,-3,-1,0,1,1
34,50,204,1,2,0,-3,-3,3,0,1,-2
34,50,206,1,2,2,-3,-3,3,0,1,-2
34,50,212,1,2,-3,-3,-3,3,0,1,1
34,50,220,1,2,-1,-3,-3,3,0,1,1
34,50,238,1,2,3,-3,-3,3,0,1,-2
34,50,240,1,2,0,-3,-3,0,0,1,1
34,50,242,1,2,2,-3,-3,-2,0,1,3
34,50,244,1,2,-2,-3,-3,2,0,1,3
34,50,250,1,2,3,-3,-3,0,0,1,1
34,50,252,1,2,0,-3,-3,3,0,1,1
34,50,254,1,2,3,-3,-3,3,0,1,1
34,68,68,1,-3,-3,-3,3,3,0,-2,-2
34,68,76,1,-3,-2,-3,3,3,0,-2,-2
34,68,80,1,-3,-3,-3,3,-2,0,-2,3
34,68,84,1,-3,-3,-3,3,2,0,-2,1
34,68,112,1,-3,-2,-3,3,-2,0,-2,3
34,68,142,1,-3,3,-3,3,3,0,-2,-3
34,68,170,1,-3,3,-3,3,0,0,-2,-2
34,68,174,1,-3,3,-3,3,2,0,-2,-2
34,68,178,1,-3,3,-3,3,-3,0,-2,1
34,68,186,1,-3,3,-3,3,-2,0,-2,1
34,68,204,1,-3,0,-3,3,3,0,-2,-2
34,68,206,1,-3,2,-3,3,3,0,-2,-2
34,68,212,1,-3,-3,-3,3,3,0,-2,1
34,68,220,1,-3,-1,-3,3,3,0,-2,1
34,68,238,1,-3,3,-3,3,3,0,-2,-2
34,68,240,1,-3,0,-3,3,0,0,-2,1
34,68,242,1,-3,2,-3,3,-2,0,-2,3
34,68,244,1,-3,-2,-3,3,2,0,-2,3
34,68,250,1,-3,3,-3,3,0,0,-2,1
34,68,252,1,-3,0,-3,3,3,0,-2,1
34,68,254,1,-3,3,-3,3,3,0,-2,1
34,76,76,1,-2,-2,-3,3,3,0,-2,-2
34,76,80,1,-2,-3,-3,3,-2,0,-2,3
34,76,84,1,-2,-3,-3,3,2,0,-2,1
34,76,112,1,-2,-2,-3,3,-2,0,-2,3
34,76,142,1,-2,3,-3,3,3,0,-2,-3
34,76,170,1,-2,3,-3,3,0,0,-2,-2
34,76,174,1,-2,3,-3,3,2,0,-2,-2
34,76,178,1,-2,3,-3,3,-3,0,-2,1
34,76,186,1,-2,3,-3,3,-2,0,-2,1
34,76,204,1,-2,0,-3,3,3,0,-2,-2
34,76,206,1,-2,2,-3,3,3,0,-2,-2
34,76,212,1,-2,-3,-3,3,3,0,-2,1
34,76,220,1,-2,-1,-3,3,3,0,-2,1
34,76,238,1,-2,3,-3,3,3,0,-2,-2
34,76,240,1,-2,0,-3,3,0,0,-2,1
34,76,242,1,-2,2,-3,3,-2,0,-2,3
34,76,244,1,-2,-2,-3,3,2,0,-2,3
34,76,250,1,-2,3,-3,3,0,0,-2,1
34,76,252,1,-2,0,-3,3,3,0,-2,1
34,76,254,1,-2,3,-3,3,3,0,-2,1
34,80,80,1,-3,-3,-3,-2,-2,0,3,3
34,80,84,1,-3,-3,-3,-2,2,0,3,1
34,80,112,1,-3,-2,-3,-2,-2,0,3,3
34,80,142,1,-3,3,-3,-2,3,0,3,-3
34,80,170,1,-3,3,-3,-2,0,0,3,-2
34,80,174,1,-3,3,-3,-2,2,0,3,-2
34,80,178,1,-3,3,-3,-2,-3,0,3,1
34,80,186,1,-3,3,-3,-2,-2,0,3,1
34,80,204,1,-3,0,-3,-2,3,0,3,-2
34,80,206,1,-3,2,-3,-2,3,0,3,-2
34,80,212,1,-3,-3,-3,-2,3,0,3,1
34,80,220,1,-3,-1,-3,-2,3,0,3,1
34,80,238,1,-3,3,-3,-2,3,0,3,-2
34,80,240,1,-3,0,-3,-2,0,0,3,1
34,80,242,1,-3,2,-3,-2,-2,0,3,3
34,80,244,1,-3,-2,-3,-2,2,0,3,3
34,80,250,1,-3,3,-3,-2,0,0,3,1
34,80,252,1,-3,0,-3,-2,3,0,3,1
34,80,254,1,-3,3,-3,-2,3,0,3,1
34,84,84,1,-3,-3,-3,2,2,0,1,1
34,84,112,1,-3,-2,-3,2,-2,0,1,3
34,84,142,1,-3,3,-3,2,3,0,1,-3
34,84,170,1,-3,3,-3,2,0,0,1,-2
34,84,174,1,-3,3,-3,2,2,0,1,-2
34,84,178,1,-3,3,-3,2,-3,0,1,1
34,84,186,1,-3,3,-3,2,-1,0,1,1
34,84,204,1,-3,0,-3,2,3,0,1,-2
34,84,206,1,-3,2,-3,2,3,0,1,-2
34,84,212,1,-3,-3,-3,2,3,0,1,1
34,84,220,1,-3,-1,-3,2,3,0,1,1
34,84,238,1,-3,3,-3,2,3,0,1,-2
34,84,240,1,-3,0,-3,2,0,0,1,1
34,84,242,1,-3,2,-3,2,-2,0,1,3
34,84,244,1,-3,-2,-3,2,2,0,1,3
34,84,250,1,-3,3,-3,2,0,0,1,1
34,84,252,1,-3,0,-3,2,3,0,1,1
34,84,254,1,-3,3,-3,2,3,0,1,1
34,112,112,1,-2,-2,-3,-2,-2,0,3,3
34,112,142,1,-2,3,-3,-2,3,0,3,-3
34,112,170,1,-2,3,-3,-2,0,0,3,-2
34,112,174,1,-2,3,-3,-2,2,0,3,-2
34,112,178,1,-2,3,-3,-2,-3,0,3,1
34,112,186,1,-2,3,-3,-2,-2,0,3,1
34,112,204,1,-2,0,-3,-2,3,0,3,-2
34,112,206,1,-2,2,-3,-2,3,0,3,-2
34,112,212,1,-2,-3,-3,-2,3,0,3,1
34,112,220,1,-2,-1,-3,-2,3,0,3,1
34,112,238,1,-2,3,-3,-2,3,0,3,-2
34,112,240,1,-2,0,-3,-2,0,0,3,1
34,112,242,1,-2,2,-3,-2,-2,0,3,3
34,112,244,1,-2,-2,-3,-2,2,0,3,3
34,112,250,1,-2,3,-3,-2,0,0,3,1
34,112,252,1,-2,0,-3,-2,3,0,3,1
34,112,254,1,-2,3,-3,-2,3,0,3,1
34,142,142,1,3,3,-3,3,3,0,-3,-3
34,142,170,1,3,3,-3,3,0,0,-3,-2
34,142,174,1,3,3,-3,3,2,0,-3,-2
34,142,178,1,3,3,-3,3,-3,0,-3,1
34,142,186,1,3,3,-3,3,-1,0,-3,1
34,142,204,1,3,0,-3,3,3,0,-3,-2
34,142,206,1,3,2,-3,3,3,0,-3,-2
34,142,212,1,3,-3,-3,3,3,0,-3,1
34,142,220,1,3,-1,-3,3,3,0,-3,1
34,142,238,1,3,3,-3,3,3,0,-3,-2
34,142,240,1,3,0,-3,3,0,0,-3,1
34,142,242,1,3,2,-3,3,-2,0,-3,3
34,142,244,1,3,-2,-3,3,2,0,-3,3
34,142,250,1,3,3,-3,3,0,0,-3,1
34,142,252,1,3,0,-3,3,3,0,-3,1
34,142,254,1,3,3,-3,3,3,0,-3,1
34,170,170,1,3,3,-3,-2,0,0,0,-2
34,170,174,1,3,3,-3,-2,2,0,0,-2
34,170,178,1,3,3,-3,-2,-3,0,0,1
34,170,186,1,3,3,-3,-2,-1,0,0,1
34,170,204,1,3,0,-3,-2,3,0,0,-2
34,170,206,1,3,2,-3,-2,3,0,0,-2
34,170,212,1,3,-3,-3,-2,3,0,0,1
34,170,220,1,3,-1,-3,-2,3,0,0,1
34,170,238,1,3,3,-3,-2,3,0,0,-2
34,170,240,1,3,0,-3,-2,0,0,0,1
34,170,242,1,3,2,-3,-2,-2,0,0,3
34,170,244,1,3,-2,-3,-2,2,0,0,3
34,170,250,1,3,3,-3,-2,0,0,0,1
34,170,252,1,3,0,-3,-2,3,0,0,1
34,170,254,1,3,3,-3,-2,3,0,0,1
34,174,174,1,3,3,-3,2,2,0,-2,-2
34,174,178,1,3,3,-3,2,-3,0,-2,1
34,174,186,1,3,3,-3,2,-1,0,-2,1
34,174,204,1,3,0,-3,2,3,0,-2,-2
34,174,206,1,3,2,-3,2,3,0,-2,-2
34,174,212,1,3,-3,-3,2,3,0,-2,1
34,174,220,1,3,-1,-3,2,3,0,-2,1
34,174,238,1,3,3,-3,2,3,0,-2,-2
34,174,240,1,3,0,-3,2,0,0,-2,1
34,174,242,1,3,2,-3,2,-2,0,-2,3
34,174,244,1,3,-2,-3,2,2,0,-2,3
34,174,250,1,3,3,-3,2,0,0,-2,1
34,174,252,1,3,0,-3,2,3,0,-2,1
34,174,254,1,3,3,-3,2,3,0,-2,1
34,178,178,1,3,3,-3,-3,-3,0,3,1
34,178,186,1,3,3,-3,-3,-1,0,3,1
34,178,204,1,3,0,-3,-3,3,0,3,-2
34,178,206,1,3,2,-3,-3,3,0,3,-2
34,178,212,1,3,-3,-3,-3,3,0,3,1
34,178,220,1,3,-1,-3,-3,3,0,3,1
34,178,238,1,3,3,-3,-3,3,0,3,-2
34,178,240,1,3,0,-3,-3,0,0,3,1
34,178,242,1,3,2,-3,-3,-2,0,3,3
34,178,244,1,3,-2,-3,-3,2,0,3,3
34,178,250,1,3,3,-3,-3,0,0,3,1
34,178,252,1,3,0,-3,-3,3,0,3,1
34,178,254,1,3,3,-3,-3,3,0,3,1
34,186,186,1,3,3,-3,-2,-1,0,2,1
34,186,204,1,3,0,-3,-2,3,0,2,-2
34,186,206,1,3,2,-3,-2,3,0,2,-2
34,186,212,1,3,-3,-3,-2,3,0,2,1
34,186,220,1,3,-1,-3,-2,3,0,2,1
34,186,238,1,3,3,-3,-2,3,0,2,-2
34,186,240,1,3,0,-3,-2,0,0,2,1
34,186,242,1,3,2,-3,-2,-2,0,2,3
34,186,244,1,3,-2,-3,-2,2,0,2,3
34,186,250,1,3,3,-3,-2,0,0,2,1
34,186,252,1,3,0,-3,-2,3,0,2,1
34,186,254,1,3,3,-3,-2,3,0,2,1
34,204,204,1,0,0,-3,3,3,0,-2,-2
34,204,206,1,0,2,-3,3,3,0,-2,-2
34,204,212,1,0,-3,-3,3,3,0,-2,1
34,204,220,1,0,-1,-3,3,3,0,-2,1
34,204,238,1,0,3,-3,3,3,0,-2,-2
34,204,240,1,0,0,-3,3,0,0,-2,1
34,204,242,1,0,2,-3,3,-2,0,-2,3
34,204,244,1,0,-2,-3,3,2,0,-2,3
34,204,250,1,0,3,-3,3,0,0,-2,1
34,204,252,1,0,0,-3,3,3,0,-2,1
34,204,254,1,0,3,-3,3,3,0,-2,1
34,206,206,1,2,2,-3,3,3,0,-2,-2
34,206,212,1,2,-3,-3,3,3,0,-2,1
34,206,220,1,2,-1,-3,3,3,0,-2,1
34,206,238,1,2,3,-3,3,3,0,-2,-2
34,206,240,1,2,0,-3,3,0,0,-2,1
34,206,242,1,2,2,-3,3,-2,0,-2,3
34,206,244,1,2,-2,-3,3,2,0,-2,3
34,206,250,1,2,3,-3,3,0,0,-2,1
34,206,252,1,2,0,-3,3,3,0,-2,1
34,206,254,1,2,3,-3,3,3,0,-2,1
34,212,212,1,-3,-3,-3,3,3,0,3,1
34,212,220,1,-3,-1,-3,3,3,0,3,1
34,212,238,1,-3,3,-3,3,3,0,3,-2
34,212,240,1,-3,0,-3,3,0,0,3,1
34,212,242,1,-3,2,-3,3,-2,0,3,3
34,212,244,1,-3,-2,-3,3,2,0,3,3
34,212,250,1,-3,3,-3,3,0,0,3,1
34,212,252,1,-3,0,-3,3,3,0,3,1
34,212,254,1,-3,3,-3,3,3,0,3,1
34,220,220,1,-2,-1,-3,3,3,0,2,1
34,220,238,1,-2,3,-3,3,3,0,2,-2
34,220,240,1,-2,0,-3,3,0,0,2,1
34,220,242,1,-2,2,-3,3,-2,0,2,3
34,220,244,1,-2,-2,-3,3,2,0,2,3
34,220,250,1,-2,3,-3,3,0,0,2,1
34,220,252,1,-2,0,-3,3,3,0,2,1
34,220,254,1,-2,3,-3,3,3,0,2,1
34,238,238,1,3,3,-3,3,3,0,-2,-2
34,238,240,1,3,0,-3,3,0,0,-2,1
34,238,242,1,3,2,-3,3,-2,0,-2,3
34,238,244,1,3,-2,-3,3,2,0,-2,3
34,238,250,1,3,3,-3,3,0,0,-2,1
34,238,252,1,3,0,-3,3,3,0,-2,1
34,238,254,1,3,3,-3,3,3,0,-2,1
34,240,240,1,0,0,-3,-2,0,0,3,1
34,240,242,1,0,2,-3,-2,-2,0,3,3
34,240,244,1,0,-2,-3,-2,2,0,3,3
34,240,250,1,0,3,-3,-2,0,0,3,1
34,240,252,1,0,0,-3,-2,3,0,3,1
34,240,254,1,0,3,-3,-2,3,0,3,1
34,242,242,1,2,2,-3,-2,-2,0,3,3
34,242,244,1,2,-2,-3,-2,2,0,3,3
34,242,250,1,2,3,-3,-2,0,0,3,1
34,242,252,1,2,0,-3,-2,3,0,3,1
34,242,254,1,2,3,-3,-2,3,0,3,1
34,244,244,1,-2,-2,-3,2,2,0,3,3
34,244,250,1,-2,3,-3,2,0,0,3,1
34,244,252,1,-2,0,-3,2,3,0,3,1
34,244,254,1,-2,3,-3,2,3,0,3,1
34,250,250,1,3,3,-3,-2,0,0,3,1
34,250,252,1,3,0,-3,-2,3,0,3,1
34,250,254,1,3,3,-3,-2,3,0,3,1
34,252,252,1,0,0,-3,3,3,0,3,1
34,252,254,1,0,3,-3,3,3,0,3,1
34,254,254,1,3,3,-3,3,3,0,3,1
42,42,42,3,3,3,-2,-2,-2,-2,-2,-2
42,42,48,3,3,0,-2,-2,-1,-2,-2,1
42,42,50,3,3,2,-2,-2,-3,-2,-2,1
42,42,68,3,3,-3,-2,-2,3,-2,-2,-2
42,42,76,3,3,-2,-2,-2,3,-2,-2,-2
42,42,80,3,3,-1,-2,-2,0,-2,-2,1
42,42,84,3,3,-3,-2,-2,2,-2,-2,1
42,42,112,3,3,-1,-2,-2,-1,-2,-2,2
42,42,142,3,3,3,-2,-2,3,-2,-2,-3
42,42,170,3,3,3,-2,-2,0,-2,-2,-2
42,42,174,3,3,3,-2,-2,2,-2,-2,-2
42,42,178,3,3,3,-2,-2,-3,-2,-2,1
42,42,186,3,3,3,-2,-2,-1,-2,-2,1
42,42,204,3,3,0,-2,-2,3,-2,-2,-2
42,42,206,3,3,2,-2,-2,3,-2,-2,-2
42,42,212,3,3,-3,-2,-2,3,-2,-2,1
42,42,220,3,3,-1,-2,-2,3,-2,-2,1
42,42,238,3,3,3,-2,-2,3,-2,-2,-2
42,42,240,3,3,0,-2,-2,0,-2,-1,1
42,42,242,3,3,2,-2,-2,-2,-2,-2,3
42,42,244,3,3,-2,-2,-2,2,-2,-2,3
42,42,250,3,3,3,-2,-2,0,-2,-2,1
42,42,252,3,3,0,-2,-2,3,-2,-2,1
42,42,254,3,3,3,-2,-2,3,-2,-2,1
42,48,48,3,-2,0,-2,-3,-1,-2,3,1
42,48,50,3,-2,2,-2,-3,-3,-2,3,1
42,48,68,3,-2,-3,-2,-3,3,-2,3,-2
42,48,76,3,-2,-2,-2,-3,3,-2,3,-2
42,48,80,3,-2,-1,-2,-3,0,-2,3,1
42,48,84,3,-2,-3,-2,-3,2,-2,3,1
42,48,112,3,-2,-1,-2,-3,-1,-2,3,2
42,48,142,3,0,3,-2,-3,3,-2,3,-3
42,48,170,3,-1,3,-2,-3,0,-2,3,-2
42,48,174,3,0,3,-2,-3,2,-2,3,-2
42,48,178,3,-1,3,-2,-3,-3,-2,3,1
42,48,186,3,-1,3,-2,-3,-1,-2,3,1
42,48,204,3,-2,0,-2,-3,3,-2,3,-2
42,48,206,3,-1,2,-2,-3,3,-2,3,-2
42,48,212,3,-2,-3,-2,-3,3,-2,3,1
42,48,220,3,-2,-1,-2,-3,3,-2,3,1
42,48,238,3,-1,3,-2,-3,3,-2,3,-2
42,48,240,3,-2,0,-2,-3,0,-2,3,1
42,48,242,3,-2,2,-2,-3,-2,-2,3,3
42,48,244,3,-2,-2,-2,-3,2,-2,3,3
42,48,250,3,-2,3,-2,-3,0,-2,3,1
42,48,252,3,-2,0,-2,-3,3,-2,3,1
42,48,254,3,-1,3,-2,-3,3,-2,3,1
42,50,50,3,2,2,-2,-3,-3,-2,1,1
42,50,68,3,2,-3,-2,-3,3,-2,1,-2
42,50,76,3,2,-2,-2,-3,3,-2,1,-2
42,50,80,3,2,-1,-2,-3,0,-2,1,1
42,50,84,3,2,-3,-2,-3,2,-2,1,1
42,50,112,3,2,-1,-2,-3,-1,-2,1,2
42,50,142,3,2,3,-2,-3,3,-2,1,-3
42,50,170,3,2,3,-2,-3,0,-2,1,-2
42,50,174,3,2,3,-2,-3,2,-2,1,-2
42,50,178,3,2,3,-2,-3,-3,-2,1,1
42,50,186,3,2,3,-2,-3,-1,-2,1,1
42,50,204,3,2,0,-2,-3,3,-2,1,-2
42,50,206,3,2,2,-2,-3,3,-2,1,-2
42,50,212,3,2,-3,-2,-3,3,-2,1,1
42,50,220,3,2,-1,-2,-3,3,-2,1,1
42,50,238,3,2,3,-2,-3,3,-2,1,-2
42,50,240,3,2,0,-2,-3,0,-2,1,1
42,50,242,3,2,2,-2,-3,-2,-2,1,3
42,50,244,3,2,-2,-2,-3,2,-2,1,3
42,50,250,3,2,3,-2,-3,0,-2,1,1
42,50,252,3,2,0,-2,-3,3,-2,1,1
42,50,254,3,2,3,-2,-3,3,-2,1,1
42,68,68,3,-3,-3,-2,3,3,-2,-2,-2
42,68,76,3,-3,-2,-2,3,3,-2,-2,-2
42,68,80,3,-3,-1,-2,3,0,-2,-2,1
42,68,84,3,-3,-3,-2,3,2,-2,-2,1
42,68,112,3,-3,-1,-2,3,-1,-2,-2,2
42,68,142,3,-3,3,-2,3,3,-2,-2,-3
42,68,170,3,-3,3,-2,3,0,-2,-2,-2
42,68,174,3,-3,3,-2,3,2,-2,-2,-2
42,68,178,3,-3,3,-2,3,-3,-2,-2,1
42,68,186,3,-3,3,-2,3,-2,-2,-2,1
42,68,204,3,-3,0,-2,3,3,-2,-2,-2
42,68,206,3,-3,2,-2,3,3,-2,-2,-2
42,68,212,3,-3,-3,-2,3,3,-2,-2,1
42,68,220,3,-3,-1,-2,3,3,-2,-2,1
42,68,238,3,-3,3,-2,3,3,-2,-2,-2
42,68,240,3,-3,0,-2,3,0,-2,-2,1
42,68,242,3,-3,2,-2,3,-2,-2,-2,3
42,68,244,3,-3,-2,-2,3,2,-2,-2,3
42,68,250,3,-3,3,-2,3,0,-2,-2,1
42,68,252,3,-3,0,-2,3,3,-2,-2,1
42,68,254,3,-3,3,-2,3,3,-2,-2,1
42,76,76,3,-2,-2,-2,3,3,-2,-2,-2
42,76,80,3,-2,-1,-2,3,0,-2,-2,1
42,76,84,3,-2,-3,-2,3,2,-2,-2,1
42,76,112,3,-2,-1,-2,3,-1,-2,-2,2
42,76,142,3,-2,3,-2,3,3,-2,-2,-3
42,76,170,3,-2,3,-2,3,0,-2,-2,-2
42,76,174,3,-2,3,-2,3,2,-2,-2,-2
42,76,178,3,-2,3,-2,3,-3,-2,-2,1
42,76,186,3,-2,3,-2,3,-2,-2,-2,1
42,76,204,3,-2,0,-2,3,3,-2,-2,-2
42,76,206,3,-2,2,-2,3,3,-2,-2,-2
42,76,212,3,-2,-3,-2,3,3,-2,-2,1
42,76,220,3,-2,-1,-2,3,3,-2,-2,1
42,76,238,3,-2,3,-2,3,3,-2,-2,-2
42,76,240,3,-2,0,-2,3,0,-2,-2,1
42,76,242,3,-2,2,-2,3,-2,-2,-2,3
42,76,244,3,-2,-2,-2,3,2,-2,-2,3
42,76,250,3,-2,3,-2,3,0,-2,-2,1
42,76,252,3,-2,0,-2,3,3,-2,-2,1
42,76,254,3,-2,3,-2,3,3,-2,-2,1
42,80,80,3,-3,-1,-2,-2,0,-2,3,1
42,80,84,3,-3,-3,-2,-2,2,-2,3,1
42,80,112,3,-3,-1,-2,-2,-1,-2,3,2
42,80,142,3,-3,3,-2,-2,3,-2,3,-3
42,80,170,3,-3,3,-2,-2,0,-2,3,-2
42,80,174,3,-3,3,-2,-2,2,-2,3,-2
42,80,178,3,-3,3,-2,-2,-3,-2,3,1
42,80,186,3,-3,3,-2,-2,-2,-2,3,1
42,80,204,3,-3,0,-2,-2,3,-2,3,-2
42,80,206,3,-3,2,-2,-2,3,-2,3,-2
42,80,212,3,-3,-3,-2,-2,3,-2,3,1
42,80,220,3,-3,-1,-2,-2,3,-2,3,1
42,80,238,3,-3,3,-2,-2,3,-2,3,-2
42,80,240,3,-3,0,-2,-2,0,-2,3,1
42,80,242,3,-3,2,-2,-2,-2,-2,3,3
42,80,244,3,-3,-2,-2,-2,2,-2,3,3
42,80,250,3,-3,3,-2,-2,0,-2,3,1
42,80,252,3,-3,0,-2,-2,3,-2,3,1
42,80,254,3,-3,3,-2,-2,3,-2,3,1
42,84,84,3,-3,-3,-2,2,2,-2,1,1
42,84,112,3,-3,-1,-2,2,-1,-2,1,2
42,84,142,3,-3,3,-2,2,3,-2,1,-3
42,84,170,3,-3,3,-2,2,0,-2,1,-2
42,84,174,3,-3,3,-2,2,2,-2,1,-2
42,84,178,3,-3,3,-2,2,-3,-2,1,1
42,84,186,3,-3,3,-2,2,-1,-2,1,1
42,84,204,3,-3,0,-2,2,3,-2,1,-2
42,84,206,3,-3,2,-2,2,3,-2,1,-2
42,84,212,3,-3,-3,-2,2,3,-2,1,1
42,84,220,3,-3,-1,-2,2,3,-2,1,1
42,84,238,3,-3,3,-2,2,3,-2,1,-2
42,84,240,3,-3,0,-2,2,0,-2,1,1
42,84,242,3,-3,2,-2,2,-2,-2,1,3
42,84,244,3,-3,-2,-2,2,2,-2,1,3
42,84,250,3,-3,3,-2,2,0,-2,1,1
42,84,252,3,-3,0,-2,2,3,-2,1,1
42,84,254,3,-3,3,-2,2,3,-2,1,1
42,112,112,3,-2,-1,-2,-2,-1,-2,3,2
42,112,142,3,-1,3,-2,-2,3,-2,3,-3
42,112,170,3,-1,3,-2,-2,0,-2,3,-2
42,112,174,3,-1,3,-2,-2,2,-2,3,-2
42,112,178,3,-1,3,-2,-2,-3,-2,3,1
42,112,186,3,-1,3,-2,-2,-2,-2,3,1
42,112,204,3,-2,0,-2,-2,3,-2,3,-2
42,112,206,3,-1,2,-2,-2,3,-2,3,-2
42,112,212,3,-2,-3,-2,-2,3,-2,3,1
42,112,220,3,-2,-1,-2,-2,3,-2,3,1
42,112,238,3,-1,3,-2,-2,3,-2,3,-2
42,112,240,3,-2,0,-2,-2,0,-2,3,1
42,112,242,3,-2,2,-2,-2,-2,-2,3,3
42,112,244,3,-2,-2,-2,-2,2,-2,3,3
42,112,250,3,-2,3,-2,-2,0,-2,3,1
42,112,252,3,-2,0,-2,-2,3,-2,3,1
42,112,254,3,-1,3,-2,-2,3,-2,3,1
42,142,142,3,3,3,-2,3,3,-2,-3,-3
42,142,170,3,3,3,-2,3,0,-2,-3,-2
42,142,174,3,3,3,-2,3,2,-2,-3,-2
42,142,178,3,3,3,-2,3,-3,-2,-3,1
42,142,186,3,3,3,-2,3,-1,-2,-3,1
42,142,204,3,3,0,-2,3,3,-2,-3,-2
42,142,206,3,3,2,-2,3,3,-2,-3,-2
42,142,212,3,3,-3,-2,3,3,-2,-3,1
42,142,220,3,3,-1,-2,3,3,-2,-3,1
42,142,238,3,3,3,-2,3,3,-2,-3,-2
42,142,240,3,3,0,-2,3,0,-2,-3,1
42,142,242,3,3,2,-2,3,-2,-2,-3,3
42,142,244,3,3,-2,-2,3,2,-2,-3,3
42,142,250,3,3,3,-2,3,0,-2,-3,1
42,142,252,3,3,0,-2,3,3,-2,-3,1
42,142,254,3,3,3,-2,3,3,-2,-3,1
42,170,170,3,3,3,-2,-2,0,-2,0,-2
42,170,174,3,3,3,-2,-2,2,-2,0,-2
42,170,178,3,3,3,-2,-2,-3,-2,0,1
42,170,186,3,3,3,-2,-2,-1,-2,0,1
42,170,204,3,3,0,-2,-2,3,-2,0,-2
42,170,206,3,3,2,-2,-2,3,-2,0,-2
42,170,212,3,3,-3,-2,-2,3,-2,0,1
42,170,220,3,3,-1,-2,-2,3,-2,0,1
42,170,238,3,3,3,-2,-2,3,-2,0,-2
42,170,240,3,3,0,-2,-2,0,-2,0,1
42,170,242,3,3,2,-2,-2,-2,-2,0,3
42,170,244,3,3,-2,-2,-2,2,-2,0,3
42,170,250,3,3,3,-2,-2,0,-2,0,1
42,170,252,3,3,0,-2,-2,3,-2,0,1
42,170,254,3,3,3,-2,-2,3,-2,0,1
42,174,174,3,3,3,-2,2,2,-2,-2,-2
42,174,178,3,3,3,-2,2,-3,-2,-2,1
42,174,186,3,3,3,-2,2,-1,-2,-2,1
42,174,204,3,3,0,-2,2,3,-2,-2,-2
42,174,206,3,3,2,-2,2,3,-2,-2,-2
42,174,212,3,3,-3,-2,2,3,-2,-2,1
42,174,220,3,3,-1,-2,2,3,-2,-2,1
42,174,238,3,3,3,-2,2,3,-2,-2,-2
42,174,240,3,3,0,-2,2,0,-2,-2,1
42,174,242,3,3,2,-2,2,-2,-2,-2,3
42,174,244,3,3,-2,-2,2,2,-2,-2,3
42,174,250,3,3,3,-2,2,0,-2,-2,1
42,174,252,3,3,0,-2,2,3,-2,-2,1
42,174,254,3,3,3,-2,2,3,-2,-2,1
42,178,178,3,3,3,-2,-3,-3,-2,3,1
42,178,186,3,3,3,-2,-3,-1,-2,3,1
42,178,204,3,3,0,-2,-3,3,-2,3,-2
42,178,206,3,3,2,-2,-3,3,-2,3,-2
42,178,212,3,3,-3,-2,-3,3,-2,3,1
42,178,220,3,3,-1,-2,-3,3,-2,3,1
42,178,238,3,3,3,-2,-3,3,-2,3,-2
42,178,240,3,3,0,-2,-3,0,-2,3,1
42,178,242,3,3,2,-2,-3,-2,-2,3,3
42,178,244,3,3,-2,-2,-3,2,-2,3,3
42,178,250,3,3,3,-2,-3,0,-2,3,1
42,178,252,3,3,0,-2,-3,3,-2,3,1
42,178,254,3,3,3,-2,-3,3,-2,3,1
42,186,186,3,3,3,-2,-2,-1,-2,2,1
42,186,204,3,3,0,-2,-2,3,-2,2,-2
42,186,206,3,3,2,-2,-2,3,-2,2,-2
42,186,212,3,3,-3,-2,-2,3,-2,2,1
42,186,220,3,3,-1,-2,-2,3,-2,2,1
42,186,238,3,3,3,-2,-2,3,-2,2,-2
42,186,240,3,3,0,-2,-2,0,-2,2,1
42,186,242,3,3,2,-2,-2,-2,-2,2,3
42,186,244,3,3,-2,-2,-2,2,-2,2,3
42,186,250,3,3,3,-2,-2,0,-2,2,1
42,186,252,3,3,0,-2,-2,3,-2,2,1
42,186,254,3,3,3,-2,-2,3,-2,2,1
42,204,204,3,0,0,-2,3,3,-2,0,-2
42,204,206,3,0,2,-2,3,3,-2,-2,-2
42,204,212,3,0,-3,-2,3,3,-2,0,1
42,204,220,3,0,-1,-2,3,3,-2,0,1
42,204,238,3,0,3,-2,3,3,-2,-2,-2
42,204,240,3,0,0,-2,3,0,-2,-2,1
42,204,242,3,0,2,-2,3,-2,-2,-2,3
42,204,244,3,0,-2,-2,3,2,-2,0,3
42,204,250,3,0,3,-2,3,0,-2,-2,1
42,204,252,3,0,0,-2,3,3,-2,0,1
42,204,254,3,0,3,-2,3,3,-2,-2,1
42,206,206,3,2,2,-2,3,3,-2,-2,-2
42,206,212,3,2,-3,-2,3,3,-2,-2,1
42,206,220,3,2,-1,-2,3,3,-2,-2,1
42,206,238,3,2,3,-2,3,3,-2,-2,-2
42,206,240,3,2,0,-2,3,0,-2,-2,1
42,206,242,3,2,2,-2,3,-2,-2,-2,3
42,206,244,3,2,-2,-2,3,2,-2,-2,3
42,206,250,3,2,3,-2,3,0,-2,-2,1
42,206,252,3,2,0,-2,3,3,-2,-2,1
42,206,254,3,2,3,-2,3,3,-2,-2,1
42,212,212,3,-3,-3,-2,2,3,-2,3,1
42,212,220,3,-3,-1,-2,2,3,-2,3,1
42,212,238,3,-3,3,-2,2,3,-2,3,-2
42,212,240,3,-3,0,-2,2,0,-2,3,1
42,212,242,3,-3,2,-2,2,-2,-2,3,3
42,212,244,3,-3,-2,-2,2,2,-2,3,3
42,212,250,3,-3,3,-2,2,0,-2,3,1
42,212,252,3,-3,0,-2,2,3,-2,3,1
42,212,254,3,-3,3,-2,2,3,-2,3,1
42,220,220,3,-1,-1,-2,2,3,-2,1,1
42,220,238,3,-1,3,-2,2,3,-2,1,-2
42,220,240,3,-1,0,-2,2,0,-2,1,1
42,220,242,3,-1,2,-2,2,-2,-2,1,3
42,220,244,3,-1,-2,-2,2,2,-2,1,3
42,220,250,3,-1,3,-2,2,0,-2,1,1
42,220,252,3,-1,0,-2,2,3,-2,1,1
42,220,254,3,-1,3,-2,2,3,-2,1,1
42,238,238,3,3,3,-2,3,3,-2,-2,-2
42,238,240,3,3,0,-2,3,0,-2,-2,1
42,238,242,3,3,2,-2,3,-2,-2,-2,3
42,238,244,3,3,-2,-2,3,2,-2,0,3
42,238,250,3,3,3,-2,3,0,-2,-2,1
42,238,252,3,3,0,-2,3,3,-2,0,1
42,238,254,3,3,3,-2,3,3,-2,-2,1
42,240,240,3,0,0,-2,-2,0,-2,3,1
42,240,242,3,0,2,-2,-2,-2,-2,3,3
42,240,244,3,0,-2,-2,-2,2,-2,3,3
42,240,250,3,0,3,-2,-2,0,-2,3,1
42,240,252,3,0,0,-2,-2,3,-2,3,1
42,240,254,3,0,3,-2,-2,3,-2,3,1
42,242,242,3,2,2,-2,-2,-2,-2,3,3
42,242,244,3,2,-2,-2,-2,2,-2,3,3
42,242,250,3,2,3,-2,-2,0,-2,3,1
42,242,252,3,2,0,-2,-2,3,-2,3,1
42,242,254,3,2,3,-2,-2,3,-2,3,1
42,244,244,3,-2,-2,-2,2,2,-2,3,3
42,244,250,3,-2,3,-2,2,0,-2,3,1
42,244,252,3,-2,0,-2,2,3,-2,3,1
42,244,254,3,-2,3,-2,2,3,-2,3,1
42,250,250,3,3,3,-2,-2,0,-2,3,1
42,250,252,3,3,0,-2,-2,3,-2,3,1
42,250,254,3,3,3,-2,-2,3,-2,3,1
42,252,252,3,-1,0,-2,2,3,-2,3,1
42,252,254,3,-1,3,-2,2,3,-2,3,1
42,254,254,3,3,3,-2,3,3,-2,3,1
48,48,48,0,-2,0,-3,-3,-3,3,3,3
48,48,50,0,-2,2,-3,-3,-3,3,3,1
48,48,68,0,-2,-3,-3,-3,3,3,3,-2
48,48,76,0,-2,-2,-3,-3,3,3,3,-2
48,48,80,0,-2,-3,-3,-3,-2,3,3,3
48,48,84,0,-2,-3,-3,-3,2,3,3,1
48,48,112,0,-2,-2,-3,-3,-2,3,3,3
48,48,142,0,0,3,-3,-3,3,3,3,-3
48,48,170,0,-2,3,-3,-3,0,3,3,-2
48,48,174,0,0,3,-3,-3,2,3,3,-2
48,48,178,0,-2,3,-3,-3,-3,3,3,1
48,48,186,0,-2,3,-3,-3,-1,3,3,1
48,48,204,0,-2,0,-3,-3,3,3,3,-2
48,48,206,0,-2,2,-3,-3,3,3,3,-2
48,48,212,0,-2,-3,-3,-3,3,3,3,1
48,48,220,0,-2,-1,-3,-3,3,3,3,1
48,48,238,0,-2,3,-3,-3,3,3,3,-2
48,48,240,0,-2,0,-3,-3,0,3,3,1
48,48,242,0,-2,2,-3,-3,-2,3,3,3
48,48,244,0,-2,-2,-3,-3,2,3,3,3
48,48,250,0,-2,3,-3,-3,0,3,3,1
48,48,252,0,-2,0,-3,-3,3,3,3,1
48,48,254,0,-2,3,-3,-3,3,3,3,1
48,50,50,0,2,2,-3,-3,-3,3,1,1
48,50,68,0,2,-3,-3,-3,3,3,1,-2
48,50,76,0,2,-2,-3,-3,3,3,1,-2
48,50,80,0,2,-3,-3,-3,-2,3,1,3
48,50,84,0,2,-3,-3,-3,2,3,1,1
48,50,112,0,2,-2,-3,-3,-2,3,1,3
48,50,142,0,2,3,-3,-3,3,3,1,-3
48,50,170,0,2,3,-3,-3,0,3,1,-2
48,50,174,0,2,3,-3,-3,2,3,1,-2
48,50,178,0,2,3,-3,-3,-3,3,1,1
48,50,186,0,2,3,-3,-3,-1,3,1,1
48,50,204,0,2,0,-3,-3,3,3,1,-2
48,50,206,0,2,2,-3,-3,3,3,1,-2
48,50,212,0,2,-3,-3,-3,3,3,1,1
48,50,220,0,2,-1,-3,-3,3,3,1,1
48,50,238,0,2,3,-3,-3,3,3,1,-2
48,50,240,0,2,0,-3,-3,0,3,1,1
48,50,242,0,2,2,-3,-3,-2,3,1,3
48,50,244,0,2,-2,-3,-3,2,3,1,3
48,50,250,0,2,3,-3,-3,0,3,1,1
48,50,252,0,2,0,-3,-3,3,3,1,1
48,50,254,0,2,3,-3,-3,3,3,1,1
48,68,68,0,-3,-3,-3,3,3,3,-2,-2
48,68,76,0,-3,-2,-3,3,3,3,-2,-2
48,68,80,0,-3,-3,-3,3,-2,3,-2,3
48,68,84,0,-3,-3,-3,3,2,3,-2,1
48,68,112,0,-3,-2,-3,3,-2,3,-2,3
48,68,142,0,-3,3,-3,3,3,3,-2,-3
48,68,170,0,-3,3,-3,3,0,3,-2,-2
48,68,174,0,-3,3,-3,3,2,3,-2,-2
48,68,178,0,-3,3,-3,3,-3,3,-2,1
48,68,186,0,-3,3,-3,3,-2,3,-2,1
48,68,204,0,-3,0,-3,3,3,3,-2,-2
48,68,206,0,-3,2,-3,3,3,3,-2,-2
48,68,212,0,-3,-3,-3,3,3,3,-2,1
48,68,220,0,-3,-1,-3,3,3,3,-2,1
48,68,238,0,-3,3,-3,3,3,3,-2,-2
48,68,240,0,-3,0,-3,3,0,3,-2,1
48,68,242,0,-3,2,-3,3,-2,3,-2,3
48,68,244,0,-3,-2,-3,3,2,3,-2,3
48,68,250,0,-3,3,-3,3,0,3,-2,1
48,68,252,0,-3,0,-3,3,3,3,-2,1
48,68,254,0,-3,3,-3,3,3,3,-2,1
48,76,76,0,-2,-2,-3,3,3,3,-2,-2
48,76,80,0,-2,-3,-3,3,-2,3,-2,3
48,76,84,0,-2,-3,-3,3,2,3,-2,1
48,76,112,0,-2,-2,-3,3,-2,3,-2,3
48,76,142,0,-2,3,-3,3,3,3,-2,-3
48,76,170,0,-2,3,-3,3,0,3,-2,-2
48,76,174,0,-2,3,-3,3,2,3,-2,-2
48,76,178,0,-2,3,-3,3,-3,3,-2,1
48,76,186,0,-2,3,-3,3,-2,3,-2,1
48,76,204,0,-2,0,-3,3,3,3,-2,-2
48,76,206,0,-2,2,-3,3,3,3,-2,-2
48,76,212,0,-2,-3,-3,3,3,3,-2,1
48,76,220,0,-2,-1,-3,3,3,3,-2,1
48,76,238,0,-2,3,-3,3,3,3,-2,-2
48,76,240,0,-2,0,-3,3,0,3,-2,1
48,76,242,0,-2,2,-3,3,-2,3,-2,3
48,76,244,0,-2,-2,-3,3,2,3,-2,3
48,76,250,0,-2,3,-3,3,0,3,-2,1
48,76,252,0,-2,0,-3,3,3,3,-2,1
48,76,254,0,-2,3,-3,3,3,3,-2,1
48,80,80,0,-3,-3,-3,-2,-2,3,3,3
48,80,84,0,-3,-3,-3,-2,2,3,3,1
48,80,112,0,-3,-2,-3,-2,-2,3,3,3
48,80,142,0,-3,3,-3,-2,3,3,3,-3
48,80,170,0,-3,3,-3,-2,0,3,3,-2
48,80,174,0,-3,3,-3,-2,2,3,3,-2
48,80,178,0,-3,3,-3,-2,-3,3,3,1
48,80,186,0,-3,3,-3,-2,-2,3,3,1
48,80,204,0,-3,0,-3,-2,3,3,3,-2
48,80,206,0,-3,2,-3,-2,3,3,3,-2
48,80,212,0,-3,-3,-3,-2,3,3,3,1
48,80,220,0,-3,-1,-3,-2,3,3,3,1
48,80,238,0,-3,3,-3,-2,3,3,3,-2
48,80,240,0,-3,0,-3,-2,0,3,3,1
48,80,242,0,-3,2,-3,-2,-2,3,3,3
48,80,244,0,-3,-2,-3,-2,2,3,3,3
48,80,250,0,-3,3,-3,-2,0,3,3,1
48,80,252,0,-3,0,-3,-2,3,3,3,1
48,80,254,0,-3,3,-3,-2,3,3,3,1
48,84,84,0,-3,-3,-3,2,2,3,1,1
48,84,112,0,-3,-2,-3,2,-2,3,1,3
48,84,142,0,-3,3,-3,2,3,3,1,-3
48,84,170,0,-3,3,-3,2,0,3,1,-2
48,84,174,0,-3,3,-3,2,2,3,1,-2
48,84,178,0,-3,3,-3,2,-3,3,1,1
48,84,186,0,-3,3,-3,2,-1,3,1,1
48,84,204,0,-3,0,-3,2,3,3,1,-2
48,84,206,0,-3,2,-3,2,3,3,1,-2
48,84,212,0,-3,-3,-3,2,3,3,1,1
48,84,220,0,-3,-1,-3,2,3,3,1,1
48,84,238,0,-3,3,-3,2,3,3,1,-2
48,84,240,0,-3,0,-3,2,0,3,1,1
48,84,242,0,-3,2,-3,2,-2,3,1,3
48,84,244,0,-3,-2,-3,2,2,3,1,3
48,84,250,0,-3,3,-3,2,0,3,1,1
48,84,252,0,-3,0,-3,2,3,3,1,1
48,84,254,0,-3,3,-3,2,3,3,1,1
48,112,112,0,-2,-2,-3,-2,-2,3,3,3
48,112,142,0,-1,3,-3,-2,3,3,3,-3
48,112,170,0,-2,3,-3,-2,0,3,3,-2
48,112,174,0,-1,3,-3,-2,2,3,3,-2
48,112,178,0,-2,3,-3,-2,-3,3,3,1
48,112,186,0,-2,3,-3,-2,-2,3,3,1
48,112,204,0,-2,0,-3,-2,3,3,3,-2
48,112,206,0,-2,2,-3,-2,3,3,3,-2
48,112,212,0,-2,-3,-3,-2,3,3,3,1
48,112,220,0,-2,-1,-3,-2,3,3,3,1
48,112,238,0,-2,3,-3,-2,3,3,3,-2
48,112,240,0,-2,0,-3,-2,0,3,3,1
48,112,242,0,-2,2,-3,-2,-2,3,3,3
48,112,244,0,-2,-2,-3,-2,2,3,3,3
48,112,250,0,-2,3,-3,-2,0,3,3,1
48,112,252,0,-2,0,-3,-2,3,3,3,1
48,112,254,0,-2,3,-3,-2,3,3,3,1
48,142,142,0,3,3,-3,3,3,3,-3,-3
48,142,170,0,3,3,-3,3,0,3,-3,-2
48,142,174,0,3,3,-3,3,2,3,-3,-2
48,142,178,0,3,3,-3,3,-3,3,-3,1
48,142,186,0,3,3,-3,3,-1,3,-3,1
48,142,204,0,3,0,-3,3,3,3,-3,-2
48,142,206,0,3,2,-3,3,3,3,-3,-2
48,142,212,0,3,-3,-3,3,3,3,-3,1
48,142,220,0,3,-1,-3,3,3,3,-3,1
48,142,238,0,3,3,-3,3,3,3,-3,-2
48,142,240,0,3,0,-3,3,0,3,-3,1
48,142,242,0,3,2,-3,3,-2,3,-3,3
48,142,244,0,3,-2,-3,3,2,3,-3,3
48,142,250,0,3,3,-3,3,0,3,-3,1
48,142,252,0,3,0,-3,3,3,3,-3,1
48,142,254,0,3,3,-3,3,3,3,-3,1
48,170,170,0,3,3,-3,-2,0,3,0,-2
48,170,174,0,3,3,-3,-2,2,3,0,-2
48,170,178,0,3,3,-3,-2,-3,3,0,1
48,170,186,0,3,3,-3,-2,-1,3,0,1
48,170,204,0,3,0,-3,-2,3,3,0,-2
48,170,206,0,3,2,-3,-2,3,3,0,-2
48,170,212,0,3,-3,-3,-2,3,3,0,1
48,170,220,0,3,-1,-3,-2,3,3,0,1
48,170,238,0,3,3,-3,-2,3,3,0,-2
48,170,240,0,3,0,-3,-2,0,3,0,1
48,170,242,0,3,2,-3,-2,-2,3,0,3
48,170,244,0,3,-2,-3,-2,2,3,0,3
48,170,250,0,3,3,-3,-2,0,3,0,1
48,170,252,0,3,0,-3,-2,3,3,0,1
48,170,254,0,3,3,-3,-2,3,3,0,1
48,174,174,0,3,3,-3,2,2,3,-2,-2
48,174,178,0,3,3,-3,2,-3,3,-2,1
48,174,186,0,3,3,-3,2,-1,3,-2,1
48,174,204,0,3,0,-3,2,3,3,-2,-2
48,174,206,0,3,2,-3,2,3,3,-2,-2
48,174,212,0,3,-3,-3,2,3,3,-2,1
48,174,220,0,3,-1,-3,2,3,3,-2,1
48,174,238,0,3,3,-3,2,3,3,-2,-2
48,174,240,0,3,0,-3,2,0,3,-2,1
48,174,242,0,3,2,-3,2,-2,3,-2,3
48,174,244,0,3,-2,-3,2,2,3,-2,3
48,174,250,0,3,3,-3,2,0,3,-2,1
48,174,252,0,3,0,-3,2,3,3,-2,1
48,174,254,0,3,3,-3,2,3,3,-2,1
48,178,178,0,3,3,-3,-3,-3,3,3,1
48,178,186,0,3,3,-3,-3,-1,3,3,1
48,178,204,0,3,0,-3,-3,3,3,3,-2
48,178,206,0,3,2,-3,-3,3,3,3,-2
48,178,212,0,3,-3,-3,-3,3,3,3,1
48,178,220,0,3,-1,-3,-3,3,3,3,1
48,178,238,0,3,3,-3,-3,3,3,3,-2
48,178,240,0,3,0,-3,-3,0,3,3,1
48,178,242,0,3,2,-3,-3,-2,3,3,3
48,178,244,0,3,-2,-3,-3,2,3,3,3
48,178,250,0,3,3,-3,-3,0,3,3,1
48,178,252,0,3,0,-3,-3,3,3,3,1
48,178,254,0,3,3,-3,-3,3,3,3,1
48,186,186,0,3,3,-3,-2,-1,3,2,1
48,186,204,0,3,0,-3,-2,3,3,2,-2
48,186,206,0,3,2,-3,-2,3,3,2,-2
48,186,212,0,3,-3,-3,-2,3,3,2,1
48,186,220,0,3,-1,-3,-2,3,3,2,1
48,186,238,0,3,3,-3,-2,3,3,2,-2
48,186,240,0,3,0,-3,-2,0,3,2,1
48,186,242,0,3,2,-3,-2,-2,3,2,3
48,186,244,0,3,-2,-3,-2,2,3,2,3
48,186,250,0,3,3,-3,-2,0,3,2,1
48,186,252,0,3,0,-3,-2,3,3,2,1
48,186,254,0,3,3,-3,-2,3,3,2,1
48,204,204,0,0,0,-3,3,3,3,-2,-2
48,204,206,0,0,2,-3,3,3,3,-2,-2
48,204,212,0,0,-3,-3,3,3,3,-2,1
48,204,220,0,0,-1,-3,3,3,3,-2,1
48,204,238,0,0,3,-3,3,3,3,-2,-2
48,204,240,0,0,0,-3,3,0,3,-2,1
48,204,242,0,0,2,-3,3,-2,3,-2,3
48,204,244,0,0,-2,-3,3,2,3,-2,3
48,204,250,0,0,3,-3,3,0,3,-2,1
48,204,252,0,0,0,-3,3,3,3,-2,1
48,204,254,0,0,3,-3,3,3,3,-2,1
48,206,206,0,2,2,-3,3,3,3,-2,-2
48,206,212,0,2,-3,-3,3,3,3,-2,1
48,206,220,0,2,-1,-3,3,3,3,-2,1
48,206,238,0,2,3,-3,3,3,3,-2,-2
48,206,240,0,2,0,-3,3,0,3,-2,1
48,206,242,0,2,2,-3,3,-2,3,-2,3
48,206,244,0,2,-2,-3,3,2,3,-2,3
48,206,250,0,2,3,-3,3,0,3,-2,1
48,206,252,0,2,0,-3,3,3,3,-2,1
48,206,254,0,2,3,-3,3,3,3,-2,1
48,212,212,0,-3,-3,-3,3,3,3,3,1
48,212,220,0,-3,-1,-3,3,3,3,3,1
48,212,238,0,-3,3,-3,3,3,3,3,-2
48,212,240,0,-3,0,-3,3,0,3,3,1
48,212,242,0,-3,2,-3,3,-2,3,3,3
48,212,244,0,-3,-2,-3,3,2,3,3,3
48,212,250,0,-3,3,-3,3,0,3,3,1
48,212,252,0,-3,0,-3,3,3,3,3,1
48,212,254,0,-3,3,-3,3,3,3,3,1
48,220,220,0,-2,-1,-3,3,3,3,2,1
48,220,238,0,-2,3,-3,3,3,3,2,-2
48,220,240,0,-2,0,-3,3,0,3,2,1
48,220,242,0,-2,2,-3,3,-2,3,2,3
48,220,244,0,-2,-2,-3,3,2,3,2,3
48,220,250,0,-2,3,-3,3,0,3,2,1
48,220,252,0,-2,0,-3,3,3,3,2,1
48,220,254,0,-2,3,-3,3,3,3,2,1
48,238,238,0,3,3,-3,3,3,3,0,-2
48,238,240,0,3,0,-3,3,0,3,-2,1
48,238,242,0,3,2,-3,3,-2,3,-2,3
48,238,244,0,3,-2,-3,3,2,3,0,3
48,238,250,0,3,3,-3,3,0,3,-2,1
48,238,252,0,3,0,-3,3,3,3,0,1
48,238,254,0,3,3,-3,3,3,3,-2,1
48,240,240,0,0,0,-3,-2,0,3,3,1
48,240,242,0,0,2,-3,-2,-2,3,3,3
48,240,244,0,0,-2,-3,-2,2,3,3,3
48,240,250,0,0,3,-3,-2,0,3,3,1
48,240,252,0,0,0,-3,-2,3,3,3,1
48,240,254,0,0,3,-3,-2,3,3,3,1
48,242,242,0,2,2,-3,-2,-2,3,3,3
48,242,244,0,2,-2,-3,-2,2,3,3,3
48,242,250,0,2,3,-3,-2,0,3,3,1
48,242,252,0,2,0,-3,-2,3,3,3,1
48,242,254,0,2,3,-3,-2,3,3,3,1
48,244,244,0,-2,-2,-3,2,2,3,3,3
48,244,250,0,-2,3,-3,2,0,3,3,1
48,244,252,0,-2,0,-3,2,3,3,3,1
48,244,254,0,-2,3,-3,2,3,3,3,1
48,250,250,0,3,3,-3,-2,0,3,3,1
48,250,252,0,3,0,-3,-2,3,3,3,1
48,250,254,0,3,3,-3,-2,3,3,3,1
48,252,252,0,0,0,-3,3,3,3,3,1
48,252,254,0,0,3,-3,3,3,3,3,1
48,254,254,0,3,3,-3,3,3,3,3,1
50,50,50,1,2,2,-3,-3,-3,2,1,1
50,50,68,1,2,-3,-3,-3,3,2,1,-2
50,50,76,1,2,-2,-3,-3,3,2,1,-2
50,50,80,1,2,-3,-3,-3,-2,2,1,3
50,50,84,1,2,-3,-3,-3,2,2,1,1
50,50,112,1,2,-2,-3,-3,-2,2,1,3
50,50,142,1,2,3,-3,-3,3,2,1,-3
50,50,170,1,2,3,-3,-3,0,2,1,-2
50,50,174,1,2,3,-3,-3,2,2,1,-2
50,50,178,1,2,3,-3,-3,-3,2,1,1
50,50,186,1,2,3,-3,-3,-1,2,1,1
50,50,204,1,2,0,-3,-3,3,2,1,-2
50,50,206,1,2,2,-3,-3,3,2,1,-2
50,50,212,1,2,-3,-3,-3,3,2,1,1
50,50,220,1,2,-1,-3,-3,3,2,1,1
50,50,238,1,2,3,-3,-3,3,2,1,-2
50,50,240,1,2,0,-3,-3,0,2,1,1
50,50,242,1,2,2,-3,-3,-2,2,1,3
50,50,244,1,2,-2,-3,-3,2,2,1,3
50,50,250,1,2,3,-3,-3,0,2,1,1
50,50,252,1,2,0,-3,-3,3,2,1,1
50,50,254,1,2,3,-3,-3,3,2,1,1
50,68,68,1,-3,-3,-3,3,3,2,-2,-2
50,68,76,1,-3,-2,-3,3,3,2,-2,-2
50,68,80,1,-3,-3,-3,3,-2,2,-2,3
50,68,84,1,-3,-3,-3,3,2,2,-2,1
50,68,112,1,-3,-2,-3,3,-2,2,-2,3
50,68,142,1,-3,3,-3,3,3,2,-2,-3
50,68,170,1,-3,3,-3,3,0,2,-2,-2
50,68,174,1,-3,3,-3,3,2,2,-2,-2
50,68,178,1,-3,3,-3,3,-3,2,-2,1
50,68,186,1,-3,3,-3,3,-2,2,-2,1
50,68,204,1,-3,0,-3,3,3,2,-2,-2
50,68,206,1,-3,2,-3,3,3,2,-2,-2
50,68,212,1,-3,-3,-3,3,3,2,-2,1
50,68,220,1,-3,-1,-3,3,3,2,-2,1
50,68,238,1,-3,3,-3,3,3,2,-2,-2
50,68,240,1,-3,0,-3,3,0,2,-2,1
50,68,242,1,-3,2,-3,3,-2,2,-2,3
50,68,244,1,-3,-2,-3,3,2,2,-2,3
50,68,250,1,-3,3,-3,3,0,2,-2,1
50,68,252,1,-3,0,-3,3,3,2,-2,1
50,68,254,1,-3,3,-3,3,3,2,-2,1
50,76,76,1,-2,-2,-3,3,3,2,-2,-2
50,76,80,1,-2,-3,-3,3,-2,2,-2,3
50,76,84,1,-2,-3,-3,3,2,2,-2,1
50,76,112,1,-2,-2,-3,3,-2,2,-2,3
50,76,142,1,-2,3,-3,3,3,2,-2,-3
50,76,170,1,-2,3,-3,3,0,2,-2,-2
50,76,174,1,-2,3,-3,3,2,2,-2,-2
50,76,178,1,-2,3,-3,3,-3,2,-2,1
50,76,186,1,-2,3,-3,3,-2,2,-2,1
50,76,204,1,-2,0,-3,3,3,2,-2,-2
50,76,206,1,-2,2,-3,3,3,2,-2,-2
50,76,212,1,-2,-3,-3,3,3,2,-2,1
50,76,220,1,-2,-1,-3,3,3,2,-2,1
50,76,238,1,-2,3,-3,3,3,2,-2,-2
50,76,240,1,-2,0,-3,3,0,2,-2,1
50,76,242,1,-2,2,-3,3,-2,2,-2,3
50,76,244,1,-2,-2,-3,3,2,2,-2,3
50,76,250,1,-2,3,-3,3,0,2,-2,1
50,76,252,1,-2,0,-3,3,3,2,-2,1
50,76,254,1,-2,3,-3,3,3,2,-2,1
50,80,80,1,-3,-3,-3,-2,-2,2,3,3
50,80,84,1,-3,-3,-3,-2,2,2,3,1
50,80,112,1,-3,-2,-3,-2,-2,2,3,3
50,80,142,1,-3,3,-3,-2,3,2,3,-3
50,80,170,1,-3,3,-3,-2,0,2,3,-2
50,80,174,1,-3,3,-3,-2,2,2,3,-2
50,80,178,1,-3,3,-3,-2,-3,2,3,1
50,80,186,1,-3,3,-3,-2,-2,2,3,1
50,80,204,1,-3,0,-3,-2,3,2,3,-2
50,80,206,1,-3,2,-3,-2,3,2,3,-2
50,80,212,1,-3,-3,-3,-2,3,2,3,1
50,80,220,1,-3,-1,-3,-2,3,2,3,1
50,80,238,1,-3,3,-3,-2,3,2,3,-2
50,80,240,1,-3,0,-3,-2,0,2,3,1
50,80,242,1,-3,2,-3,-2,-2,2,3,3
50,80,244,1,-3,-2,-3,-2,2,2,3,3
50,80,250,1,-3,3,-3,-2,0,2,3,1
50,80,252,1,-3,0,-3,-2,3,2,3,1
50,80,254,1,-3,3,-3,-2,3,2,3,1
50,84,84,1,-3,-3,-3,2,2,2,1,1
50,84,112,1,-3,-2,-3,2,-2,2,1,3
50,84,142,1,-3,3,-3,2,3,2,1,-3
50,84,170,1,-3,3,-3,2,0,2,1,-2
50,84,174,1,-3,3,-3,2,2,2,1,-2
50,84,178,1,-3,3,-3,2,-3,2,1,1
50,84,186,1,-3,3,-3,2,-1,2,1,1
50,84,204,1,-3,0,-3,2,3,2,1,-2
50,84,206,1,-3,2,-3,2,3,2,1,-2
50,84,212,1,-3,-3,-3,2,3,2,1,1
50,84,220,1,-3,-1,-3,2,3,2,1,1
50,84,238,1,-3,3,-3,2,3,2,1,-2
50,84,240,1,-3,0,-3,2,0,2,1,1
50,84,242,1,-3,2,-3,2,-2,2,1,3
50,84,244,1,-3,-2,-3,2,2,2,1,3
50,84,250,1,-3,3,-3,2,0,2,1,1
50,84,252,1,-3,0,-3,2,3,2,1,1
50,84,254,1,-3,3,-3,2,3,2,1,1
50,112,112,1,-2,-2,-3,-2,-2,2,3,3
50,112,142,1,-2,3,-3,-2,3,2,3,-3
50,112,170,1,-2,3,-3,-2,0,2,3,-2
50,112,174,1,-2,3,-3,-2,2,2,3,-2
50,112,178,1,-2,3,-3,-2,-3,2,3,1
50,112,186,1,-2,3,-3,-2,-2,2,3,1
50,112,204,1,-2,0,-3,-2,3,2,3,-2
50,112,206,1,-2,2,-3,-2,3,2,3,-2
50,112,212,1,-2,-3,-3,-2,3,2,3,1
50,112,220,1,-2,-1,-3,-2,3,2,3,1
50,112,238,1,-2,3,-3,-2,3,2,3,-2
50,112,240,1,-2,0,-3,-2,0,2,3,1
50,112,242,1,-2,2,-3,-2,-2,2,3,3
50,112,244,1,-2,-2,-3,-2,2,2,3,3
50,112,250,1,-2,3,-3,-2,0,2,3,1
50,112,252,1,-2,0,-3,-2,3,2,3,1
50,112,254,1,-2,3,-3,-2,3,2,3,1
50,142,142,1,3,3,-3,3,3,2,-3,-3
50,142,170,1,3,3,-3,3,0,2,-3,-2
50,142,174,1,3,3,-3,3,2,2,-3,-2
50,142,178,1,3,3,-3,3,-3,2,-3,1
50,142,186,1,3,3,-3,3,-1,2,-3,1
50,142,204,1,3,0,-3,3,3,2,-3,-2
50,142,206,1,3,2,-3,3,3,2,-3,-2
50,142,212,1,3,-3,-3,3,3,2,-3,1
50,142,220,1,3,-1,-3,3,3,2,-3,1
50,142,238,1,3,3,-3,3,3,2,-3,-2
50,142,240,1,3,0,-3,3,0,2,-3,1
50,142,242,1,3,2,-3,3,-2,2,-3,3
50,142,244,1,3,-2,-3,3,2,2,-3,3
50,142,250,1,3,3,-3,3,0,2,-3,1
50,142,252,1,3,0,-3,3,3,2,-3,1
50,142,254,1,3,3,-3,3,3,2,-3,1
50,170,170,1,3,3,-3,-2,0,2,0,-2
50,170,174,1,3,3,-3,-2,2,2,0,-2
50,170,178,1,3,3,-3,-2,-3,2,0,1
50,170,186,1,3,3,-3,-2,-1,2,0,1
50,170,204,1,3,0,-3,-2,3,2,0,-2
50,170,206,1,3,2,-3,-2,3,2,0,-2
50,170,212,1,3,-3,-3,-2,3,2,0,1
50,170,220,1,3,-1,-3,-2,3,2,0,1
50,170,238,1,3,3,-3,-2,3,2,0,-2
50,170,240,1,3,0,-3,-2,0,2,0,1
50,170,242,1,3,2,-3,-2,-2,2,0,3
50,170,244,1,3,-2,-3,-2,2,2,0,3
50,170,250,1,3,3,-3,-2,0,2,0,1
50,170,252,1,3,0,-3,-2,3,2,0,1
50,170,254,1,3,3,-3,-2,3,2,0,1
50,174,174,1,3,3,-3,2,2,2,-2,-2
50,174,178,1,3,3,-3,2,-3,2,-2,1
50,174,186,1,3,3,-3,2,-1,2,-2,1
50,174,204,1,3,0,-3,2,3,2,-2,-2
50,174,206,1,3,2,-3,2,3,2,-2,-2
50,174,212,1,3,-3,-3,2,3,2,-2,1
50,174,220,1,3,-1,-3,2,3,2,-2,1
50,174,238,1,3,3,-3,2,3,2,-2,-2
50,174,240,1,3,0,-3,2,0,2,-2,1
50,174,242,1,3,2,-3,2,-2,2,-2,3
50,174,244,1,3,-2,-3,2,2,2,-2,3
50,174,250,1,3,3,-3,2,0,2,-2,1
50,174,252,1,3,0,-3,2,3,2,-2,1
50,174,254,1,3,3,-3,2,3,2,-2,1
50,178,178,1,3,3,-3,-3,-3,2,3,1
50,178,186,1,3,3,-3,-3,-1,2,3,1
50,178,204,1,3,0,-3,-3,3,2,3,-2
50,178,206,1,3,2,-3,-3,3,2,3,-2
50,178,212,1,3,-3,-3,-3,3,2,3,1
50,178,220,1,3,-1,-3,-3,3,2,3,1
50,178,238,1,3,3,-3,-3,3,2,3,-2
50,178,240,1,3,0,-3,-3,0,2,3,1
50,178,242,1,3,2,-3,-3,-2,2,3,3
50,178,244,1,3,-2,-3,-3,2,2,3,3
50,178,250,1,3,3,-3,-3,0,2,3,1
50,178,252,1,3,0,-3,-3,3,2,3,1
50,178,254,1,3,3,-3,-3,3,2,3,1
50,186,186,1,3,3,-3,-2,-1,2,2,1
50,186,204,1,3,0,-3,-2,3,2,2,-2
50,186,206,1,3,2,-3,-2,3,2,2,-2
50,186,212,1,3,-3,-3,-2,3,2,2,1
50,186,220,1,3,-1,-3,-2,3,2,2,1
50,186,238,1,3,3,-3,-2,3,2,2,-2
50,186,240,1,3,0,-3,-2,0,2,2,1
50,186,242,1,3,2,-3,-2,-2,2,2,3
50,186,244,1,3,-2,-3,-2,2,2,2,3
50,186,250,1,3,3,-3,-2,0,2,2,1
50,186,252,1,3,0,-3,-2,3,2,2,1
50,186,254,1,3,3,-3,-2,3,2,2,1
50,204,204,1,0,0,-3,3,3,2,-2,-2
50,204,206,1,0,2,-3,3,3,2,-2,-2
50,204,212,1,0,-3,-3,3,3,2,-2,1
50,204,220,1,0,-1,-3,3,3,2,-2,1
50,204,238,1,0,3,-3,3,3,2,-2,-2
50,204,240,1,0,0,-3,3,0,2,-2,1
50,204,242,1,0,2,-3,3,-2,2,-2,3
50,204,244,1,0,-2,-3,3,2,2,-2,3
50,204,250,1,0,3,-3,3,0,2,-2,1
50,204,252,1,0,0,-3,3,3,2,-2,1
50,204,254,1,0,3,-3,3,3,2,-2,1
50,206,206,1,2,2,-3,3,3,2,-2,-2
50,206,212,1,2,-3,-3,3,3,2,-2,1
50,206,220,1,2,-1,-3,3,3,2,-2,1
50,206,238,1,2,3,-3,3,3,2,-2,-2
50,206,240,1,2,0,-3,3,0,2,-2,1
50,206,242,1,2,2,-3,3,-2,2,-2,3
50,206,244,1,2,-2,-3,3,2,2,-2,3
50,206,250,1,2,3,-3,3,0,2,-2,1
50,206,252,1,2,0,-3,3,3,2,-2,1
50,206,254,1,2,3,-3,3,3,2,-2,1
50,212,212,1,-3,-3,-3,3,3,2,3,1
50,212,220,1,-3,-1,-3,3,3,2,3,1
50,212,238,1,-3,3,-3,3,3,2,3,-2
50,212,240,1,-3,0,-3,3,0,2,3,1
50,212,242,1,-3,2,-3,3,-2,2,3,3
50,212,244,1,-3,-2,-3,3,2,2,3,3
50,212,250,1,-3,3,-3,3,0,2,3,1
50,212,252,1,-3,0,-3,3,3,2,3,1
50,212,254,1,-3,3,-3,3,3,2,3,1
50,220,220,1,-2,-1,-3,3,3,2,2,1
50,220,238,1,-2,3,-3,3,3,2,2,-2
50,220,240,1,-2,0,-3,3,0,2,2,1
50,220,242,1,-2,2,-3,3,-2,2,2,3
50,220,244,1,-2,-2,-3,3,2,2,2,3
50,220,250,1,-2,3,-3,3,0,2,2,1
50,220,252,1,-2,0,-3,3,3,2,2,1
50,220,254,1,-2,3,-3,3,3,2,2,1
50,238,238,1,3,3,-3,3,3,2,-2,-2
50,238,240,1,3,0,-3,3,0,2,-2,1
50,238,242,1,3,2,-3,3,-2,2,-2,3
50,238,244,1,3,-2,-3,3,2,2,-2,3
50,238,250,1,3,3,-3,3,0,2,-2,1
50,238,252,1,3,0,-3,3,3,2,-2,1
50,238,254,1,3,3,-3,3,3,2,-2,1
50,240,240,1,0,0,-3,-2,0,2,3,1
50,240,242,1,0,2,-3,-2,-2,2,3,3
50,240,244,1,0,-2,-3,-2,2,2,3,3
50,240,250,1,0,3,-3,-2,0,2,3,1
50,240,252,1,0,0,-3,-2,3,2,3,1
50,240,254,1,0,3,-3,-2,3,2,3,1
50,242,242,1,2,2,-3,-2,-2,2,3,3
50,242,244,1,2,-2,-3,-2,2,2,3,3
50,242,250,1,2,3,-3,-2,0,2,3,1
50,242,252,1,2,0,-3,-2,3,2,3,1
50,242,254,1,2,3,-3,-2,3,2,3,1
50,244,244,1,-2,-2,-3,2,2,2,3,3
50,244,250,1,-2,3,-3,2,0,2,3,1
50,244,252,1,-2,0,-3,2,3,2,3,1
50,244,254,1,-2,3,-3,2,3,2,3,1
50,250,250,1,3,3,-3,-2,0,2,3,1
50,250,252,1,3,0,-3,-2,3,2,3,1
50,250,254,1,3,3,-3,-2,3,2,3,1
50,252,252,1,0,0,-3,3,3,2,3,1
50,252,254,1,0,3,-3,3,3,2,3,1
50,254,254,1,3,3,-3,3,3,2,3,1
68,68,68,-2,-2,-2,2,2,2,-1,-1,-1
68,68,76,-2,-3,-1,2,1,3,-1,0,-2
68,68,80,-2,-2,-3,2,2,-2,-1,-1,3
68,68,84,-2,-2,-3,2,2,1,-1,-1,2
68,68,112,-2,-2,-2,2,2,-2,-1,-1,3
68,68,142,-2,-3,1,2,3,3,-1,-2,-3
68,68,170,-2,-3,3,2,1,0,-1,0,-2
68,68,174,-2,-3,3,2,1,2,-1,0,-2
68,68,178,-2,-2,1,2,2,-3,-1,-1,3
68,68,186,-2,-3,3,2,1,-1,-1,0,1
68,68,204,-2,-3,0,2,1,3,-1,0,-2
68,68,206,-2,-3,2,2,3,3,-1,-2,-2
68,68,212,-2,-2,-3,2,2,1,-1,-1,3
68,68,220,-2,-3,-1,2,3,3,-1,-2,1
68,68,238,-2,-3,3,2,1,3,-1,0,-2
68,68,240,-2,-2,0,2,2,-2,-1,-1,3
68,68,242,-2,-2,1,2,2,-2,-1,-1,3
68,68,244,-2,-2,-2,2,2,1,-1,-1,3
68,68,250,-2,-3,3,2,1,0,-1,0,1
68,68,252,-2,-3,0,2,1,3,-1,0,1
68,68,254,-2,-3,3,2,1,3,-1,0,1
68,76,76,-2,-2,-1,2,3,3,-1,-2,-2
68,76,80,-2,-2,-3,2,3,-2,-1,-2,3
68,76,84,-2,-2,-3,2,3,1,-1,-2,2
68,76,112,-2,-2,-2,2,3,-2,-1,-2,3
68,76,142,-2,-2,1,2,3,3,-1,-2,-3
68,76,170,-2,-2,3,2,3,0,-1,-2,-2
68,76,174,-2,-2,3,2,3,2,-1,-2,-2
68,76,178,-2,-2,1,2,3,-3,-1,-2,3
68,76,186,-2,-2,3,2,3,-1,-1,-2,1
68,76,204,-2,-2,0,2,3,3,-1,-2,-2
68,76,206,-2,-2,2,2,3,3,-1,-2,-2
68,76,212,-2,-2,-3,2,3,1,-1,-2,3
68,76,220,-2,-2,-1,2,3,3,-1,-2,1
68,76,238,-2,-2,3,2,3,3,-1,-2,-2
68,76,240,-2,-2,0,2,3,-2,-1,-2,3
68,76,242,-2,-2,1,2,3,-2,-1,-2,3
68,76,244,-2,-2,-2,2,3,1,-1,-2,3
68,76,250,-2,-2,3,2,3,0,-1,-2,1
68,76,252,-2,-2,0,2,3,3,-1,-2,1
68,76,254,-2,-2,3,2,3,3,-1,-2,1
68,80,80,-2,-2,-3,2,-1,-2,-1,2,3
68,80,84,-2,-2,-3,2,-1,1,-1,2,2
68,80,112,-2,-2,-2,2,-1,-2,-1,2,3
68,80,142,-2,-3,1,2,-2,3,-1,3,-3
68,80,170,-2,-3,3,2,-2,0,-1,3,-2
68,80,174,-2,-3,3,2,-2,2,-1,3,-2
68,80,178,-2,-2,1,2,-1,-3,-1,2,3
68,80,186,-2,-3,3,2,-2,-1,-1,3,1
68,80,204,-2,-3,0,2,-2,3,-1,3,-2
68,80,206,-2,-3,2,2,-2,3,-1,3,-2
68,80,212,-2,-2,-3,2,-1,1,-1,2,3
68,80,220,-2,-3,-1,2,-2,3,-1,3,1
68,80,238,-2,-3,3,2,-2,3,-1,3,-2
68,80,240,-2,-2,0,2,-1,-2,-1,2,3
68,80,242,-2,-2,1,2,-1,-2,-1,2,3
68,80,244,-2,-2,-2,2,-1,1,-1,2,3
68,80,250,-2,-3,3,2,-2,0,-1,3,1
68,80,252,-2,-3,0,2,-2,3,-1,3,1
68,80,254,-2,-3,3,2,-2,3,-1,3,1
68,84,84,-2,-3,-3,2,2,1,-1,1,2
68,84,112,-2,-3,-2,2,2,-2,-1,1,3
68,84,142,-2,-3,1,2,2,3,-1,1,-3
68,84,170,-2,-3,3,2,2,0,-1,1,-2
68,84,174,-2,-3,3,2,2,2,-1,1,-2
68,84,178,-2,-3,1,2,2,-3,-1,1,3
68,84,186,-2,-3,3,2,2,-1,-1,1,1
68,84,204,-2,-3,0,2,2,3,-1,1,-2
68,84,206,-2,-3,2,2,2,3,-1,1,-2
68,84,212,-2,-3,-3,2,2,1,-1,1,3
68,84,220,-2,-3,-1,2,2,3,-1,1,1
68,84,238,-2,-3,3,2,2,3,-1,1,-2
68,84,240,-2,-3,0,2,2,-2,-1,1,3
68,84,242,-2,-3,1,2,2,-2,-1,1,3
68,84,244,-2,-3,-2,2,2,1,-1,1,3
68,84,250,-2,-3,3,2,2,0,-1,1,1
68,84,252,-2,-3,0,2,2,3,-1,1,1
68,84,254,-2,-3,3,2,2,3,-1,1,1
68,112,112,-2,-2,-2,2,-2,-2,-1,3,3
68,112,142,-2,-2,1,2,-2,3,-1,3,-3
68,112,170,-2,-2,3,2,-2,0,-1,3,-2
68,112,174,-2,-2,3,2,-2,2,-1,3,-2
68,112,178,-2,-2,1,2,-2,-3,-1,3,3
68,112,186,-2,-2,3,2,-2,-1,-1,3,1
68,112,204,-2,-2,0,2,-2,3,-1,3,-2
68,112,206,-2,-2,2,2,-2,3,-1,3,-2
68,112,212,-2,-2,-3,2,-2,1,-1,3,3
68,112,220,-2,-2,-1,2,-2,3,-1,3,1
68,112,238,-2,-2,3,2,-2,3,-1,3,-2
68,112,240,-2,-2,0,2,-2,-2,-1,3,3
68,112,242,-2,-2,1,2,-2,-2,-1,3,3
68,112,244,-2,-2,-2,2,-2,1,-1,3,3
68,112,250,-2,-2,3,2,-2,0,-1,3,1
68,112,252,-2,-2,0,2,-2,3,-1,3,1
68,112,254,-2,-2,3,2,-2,3,-1,3,1
68,142,142,-2,3,1,2,3,3,-1,-3,-3
68,142,170,-2,3,3,2,3,0,-1,-3,-2
68,142,174,-2,3,3,2,3,2,-1,-3,-2
68,142,178,-2,3,1,2,3,-3,-1,-3,3
68,142,186,-2,3,3,2,3,-1,-1,-3,1
68,142,204,-2,3,0,2,3,3,-1,-3,-2
68,142,206,-2,3,2,2,3,3,-1,-3,-2
68,142,212,-2,3,-3,2,3,1,-1,-3,3
68,142,220,-2,3,-1,2,3,3,-1,-3,1
68,142,238,-2,3,3,2,3,3,-1,-3,-2
68,142,240,-2,3,0,2,3,-2,-1,-3,3
68,142,242,-2,3,1,2,3,-2,-1,-3,3
68,142,244,-2,3,-2,2,3,1,-1,-3,3
68,142,250,-2,3,3,2,3,0,-1,-3,1
68,142,252,-2,3,0,2,3,3,-1,-3,1
68,142,254,-2,3,3,2,3,3,-1,-3,1
68,170,170,-2,3,3,2,-1,0,-1,-1,-2
68,170,174,-2,3,3,2,-1,2,-1,-1,-2
68,170,178,-2,3,1,2,-2,-3,-1,0,3
68,170,186,-2,3,3,2,-1,-1,-1,-1,1
68,170,204,-2,3,0,2,-1,3,-1,-1,-2
68,170,206,-2,3,2,2,-1,3,-1,-1,-2
68,170,212,-2,3,-3,2,-2,1,-1,0,3
68,170,220,-2,3,-1,2,-1,3,-1,-1,1
68,170,238,-2,3,3,2,-1,3,-1,-1,-2
68,170,240,-2,3,0,2,-2,-2,-1,0,3
68,170,242,-2,3,1,2,-2,-2,-1,0,3
68,170,244,-2,3,-2,2,-2,1,-1,0,3
68,170,250,-2,3,3,2,-1,0,-1,-1,1
68,170,252,-2,3,0,2,-1,3,-1,-1,1
68,170,254,-2,3,3,2,-1,3,-1,-1,1
68,174,174,-2,3,3,2,2,2,-1,-2,-2
68,174,178,-2,3,1,2,2,-3,-1,-2,3
68,174,186,-2,3,3,2,2,-1,-1,-2,1
68,174,204,-2,3,0,2,2,3,-1,-2,-2
68,174,206,-2,3,2,2,2,3,-1,-2,-2
68,174,212,-2,3,-3,2,2,1,-1,-2,3
68,174,220,-2,3,-1,2,2,3,-1,-2,1
68,174,238,-2,3,3,2,2,3,-1,-2,-2
68,174,240,-2,3,0,2,2,-2,-1,-2,3
68,174,242,-2,3,1,2,2,-2,-1,-2,3
68,174,244,-2,3,-2,2,2,1,-1,-2,3
68,174,250,-2,3,3,2,2,0,-1,-2,1
68,174,252,-2,3,0,2,2,3,-1,-2,1
68,174,254,-2,3,3,2,2,3,-1,-2,1
68,178,178,-2,3,1,2,-3,-3,-1,3,3
68,178,186,-2,3,3,2,-3,-1,-1,3,1
68,178,204,-2,3,0,2,-3,3,-1,3,-2
68,178,206,-2,3,2,2,-3,3,-1,3,-2
68,178,212,-2,3,-3,2,-3,1,-1,3,3
68,178,220,-2,3,-1,2,-3,3,-1,3,1
68,178,238,-2,3,3,2,-3,3,-1,3,-2
68,178,240,-2,3,0,2,-3,-2,-1,3,3
68,178,242,-2,3,1,2,-3,-2,-1,3,3
68,178,244,-2,3,-2,2,-3,1,-1,3,3
68,178,250,-2,3,3,2,-3,0,-1,3,1
68,178,252,-2,3,0,2,-3,3,-1,3,1
68,178,254,-2,3,3,2,-3,3,-1,3,1
68,186,186,-2,3,3,2,-2,-1,-1,2,1
68,186,204,-2,3,0,2,-2,3,-1,2,-2
68,186,206,-2,3,2,2,-2,3,-1,2,-2
68,186,212,-2,3,-3,2,-2,1,-1,2,3
68,186,220,-2,3,-1,2,-2,3,-1,2,1
68,186,238,-2,3,3,2,-2,3,-1,2,-2
68,186,240,-2,3,0,2,-2,-2,-1,2,3
68,186,242,-2,3,1,2,-2,-2,-1,2,3
68,186,244,-2,3,-2,2,-2,1,-1,2,3
68,186,250,-2,3,3,2,-2,0,-1,2,1
68,186,252,-2,3,0,2,-2,3,-1,2,1
68,186,254,-2,3,3,2,-2,3,-1,2,1
68,204,204,-2,-1,0,2,3,3,-1,-1,-2
68,204,206,-2,-1,2,2,3,3,-1,-1,-2
68,204,212,-2,-1,-3,2,3,1,-1,-1,3
68,204,220,-2,-1,-1,2,3,3,-1,-1,1
68,204,238,-2,-1,3,2,3,3,-1,-1,-2
68,204,240,-2,-1,0,2,3,-2,-1,-1,3
68,204,242,-2,-1,1,2,3,-2,-1,-1,3
68,204,244,-2,-1,-2,2,3,1,-1,-1,3
68,204,250,-2,-1,3,2,3,0,-1,-1,1
68,204,252,-2,-1,0,2,3,3,-1,-1,1
68,204,254,-2,-1,3,2,3,3,-1,-1,1
68,206,206,-2,2,2,2,3,3,-1,-2,-2
68,206,212,-2,2,-3,2,3,1,-1,-2,3
68,206,220,-2,2,-1,2,3,3,-1,-2,1
68,206,238,-2,2,3,2,3,3,-1,-2,-2
68,206,240,-2,2,0,2,3,-2,-1,-2,3
68,206,242,-2,2,1,2,3,-2,-1,-2,3
68,206,244,-2,2,-2,2,3,1,-1,-2,3
68,206,250,-2,2,3,2,3,0,-1,-2,1
68,206,252,-2,2,0,2,3,3,-1,-2,1
68,206,254,-2,2,3,2,3,3,-1,-2,1
68,212,212,-2,-3,-3,2,3,1,-1,3,3
68,212,220,-2,-3,-1,2,3,3,-1,3,1
68,212,238,-2,-3,3,2,3,3,-1,3,-2
68,212,240,-2,-3,0,2,3,-2,-1,3,3
68,212,242,-2,-3,1,2,3,-2,-1,3,3
68,212,244,-2,-3,-2,2,3,1,-1,3,3
68,212,250,-2,-3,3,2,3,0,-1,3,1
68,212,252,-2,-3,0,2,3,3,-1,3,1
68,212,254,-2,-3,3,2,3,3,-1,3,1
68,220,220,-2,-2,-1,2,3,3,-1,2,1
68,220,238,-2,-2,3,2,3,3,-1,2,-2
68,220,240,-2,-2,0,2,3,-2,-1,2,3
68,220,242,-2,-2,1,2,3,-2,-1,2,3
68,220,244,-2,-2,-2,2,3,1,-1,2,3
68,220,250,-2,-2,3,2,3,0,-1,2,1
68,220,252,-2,-2,0,2,3,3,-1,2,1
68,220,254,-2,-2,3,2,3,3,-1,2,1
68,238,238,-2,3,3,2,3,3,-1,-2,-2
68,238,240,-2,3,0,2,3,-2,-1,-2,3
68,238,242,-2,3,1,2,3,-2,-1,-2,3
68,238,244,-2,3,-2,2,3,1,-1,-2,3
68,238,250,-2,3,3,2,3,0,-1,-2,1
68,238,252,-2,3,0,2,3,3,-1,-2,1
68,238,254,-2,3,3,2,3,3,-1,-2,1
68,240,240,-2,-1,0,2,-1,-2,-1,3,3
68,240,242,-2,-1,1,2,-1,-2,-1,3,3
68,240,244,-2,-1,-2,2,-1,1,-1,3,3
68,240,250,-2,-1,3,2,-1,0,-1,3,1
68,240,252,-2,-1,0,2,-1,3,-1,3,1
68,240,254,-2,-1,3,2,-1,3,-1,3,1
68,242,242,-2,2,1,2,-2,-2,-1,3,3
68,242,244,-2,2,-2,2,-2,1,-1,3,3
68,242,250,-2,2,3,2,-2,0,-1,3,1
68,242,252,-2,2,0,2,-2,3,-1,3,1
68,242,254,-2,2,3,2,-2,3,-1,3,1
68,244,244,-2,-2,-2,2,2,1,-1,3,3
68,244,250,-2,-2,3,2,2,0,-1,3,1
68,244,252,-2,-2,0,2,2,3,-1,3,1
68,244,254,-2,-2,3,2,2,3,-1,3,1
68,250,250,-2,3,3,2,-2,0,-1,3,1
68,250,252,-2,3,0,2,-2,3,-1,3,1
68,250,254,-2,3,3,2,-2,3,-1,3,1
68,252,252,-2,-2,0,2,3,3,-1,3,1
68,252,254,-2,-2,3,2,3,3,-1,3,1
68,254,254,-2,3,3,2,3,3,-1,3,1
76,76,76,-1,-2,-2,2,3,3,-1,-2,-2
76,76,80,-1,-2,-1,2,3,0,-1,-2,1
76,76,84,-1,-2,-3,2,3,2,-1,-2,1
76,76,112,-1,-2,-1,2,3,-1,-1,-2,2
76,76,142,-1,-2,3,2,3,3,-1,-2,-3
76,76,170,-1,-2,3,2,3,0,-1,-2,-2
76,76,174,-1,-2,3,2,3,2,-1,-2,-2
76,76,178,-1,-2,3,2,3,-3,-1,-2,1
76,76,186,-1,-2,3,2,3,-2,-1,-2,1
76,76,204,-1,-2,0,2,3,3,-1,-2,-2
76,76,206,-1,-2,2,2,3,3,-1,-2,-2
76,76,212,-1,-2,-3,2,3,3,-1,-2,1
76,76,220,-1,-2,-1,2,3,3,-1,-2,1
76,76,238,-1,-2,3,2,3,3,-1,-2,-2
76,76,240,-1,-2,0,2,3,0,-1,-2,1
76,76,242,-1,-2,2,2,3,-2,-1,-2,3
76,76,244,-1,-2,-2,2,3,2,-1,-2,3
76,76,250,-1,-2,3,2,3,0,-1,-2,1
76,76,252,-1,-2,0,2,3,3,-1,-2,1
76,76,254,-1,-2,3,2,3,3,-1,-2,1
76,80,80,-1,-3,-1,2,-2,0,-1,3,1
76,80,84,-1,-3,-3,2,-2,2,-1,3,1
76,80,112,-1,-3,-1,2,-2,-1,-1,3,2
76,80,142,-1,-3,3,2,-2,3,-1,3,-3
76,80,170,-1,-3,3,2,-2,0,-1,3,-2
76,80,174,-1,-3,3,2,-2,2,-1,3,-2
76,80,178,-1,-3,3,2,-2,-3,-1,3,1
76,80,186,-1,-3,3,2,-2,-2,-1,3,1
76,80,204,-1,-3,0,2,-2,3,-1,3,-2
76,80,206,-1,-3,2,2,-2,3,-1,3,-2
76,80,212,-1,-3,-3,2,-2,3,-1,3,1
76,80,220,-1,-3,-1,2,-2,3,-1,3,1
76,80,238,-1,-3,3,2,-2,3,-1,3,-2
76,80,240,-1,-3,0,2,-2,0,-1,3,1
76,80,242,-1,-3,2,2,-2,-2,-1,3,3
76,80,244,-1,-3,-2,2,-2,2,-1,3,3
76,80,250,-1,-3,3,2,-2,0,-1,3,1
76,80,252,-1,-3,0,2,-2,3,-1,3,1
76,80,254,-1,-3,3,2,-2,3,-1,3,1
76,84,84,-1,-3,-3,2,2,2,-1,1,1
76,84,112,-1,-3,-1,2,2,-1,-1,1,2
76,84,142,-1,-3,3,2,2,3,-1,1,-3
76,84,170,-1,-3,3,2,2,0,-1,1,-2
76,84,174,-1,-3,3,2,2,2,-1,1,-2
76,84,178,-1,-3,3,2,2,-3,-1,1,1
76,84,186,-1,-3,3,2,2,-1,-1,1,1
76,84,204,-1,-3,0,2,2,3,-1,1,-2
76,84,206,-1,-3,2,2,2,3,-1,1,-2
76,84,212,-1,-3,-3,2,2,3,-1,1,1
76,84,220,-1,-3,-1,2,2,3,-1,1,1
76,84,238,-1,-3,3,2,2,3,-1,1,-2
76,84,240,-1,-3,0,2,2,0,-1,1,1
76,84,242,-1,-3,2,2,2,-2,-1,1,3
76,84,244,-1,-3,-2,2,2,2,-1,1,3
76,84,250,-1,-3,3,2,2,0,-1,1,1
76,84,252,-1,-3,0,2,2,3,-1,1,1
76,84,254,-1,-3,3,2,2,3,-1,1,1
76,112,112,-1,-1,-1,2,-2,-1,-1,3,2
76,112,142,-1,-1,3,2,-2,3,-1,3,-3
76,112,170,-1,-1,3,2,-2,0,-1,3,-2
76,112,174,-1,-1,3,2,-2,2,-1,3,-2
76,112,178,-1,-1,3,2,-2,-3,-1,3,1
76,112,186,-1,-1,3,2,-2,-2,-1,3,1
76,112,204,-1,-1,0,2,-2,3,-1,3,-2
76,112,206,-1,-2,2,2,-2,3,-1,3,-2
76,112,212,-1,-1,-3,2,-2,3,-1,3,1
76,112,220,-1,-1,-1,2,-2,3,-1,3,1
76,112,238,-1,-2,3,2,-2,3,-1,3,-2
76,112,240,-1,-1,0,2,-2,0,-1,3,1
76,112,242,-1,-1,2,2,-2,-2,-1,3,3
76,112,244,-1,-1,-2,2,-2,2,-1,3,3
76,112,250,-1,-1,3,2,-2,0,-1,3,1
76,112,252,-1,-1,0,2,-2,3,-1,3,1
76,112,254,-1,-2,3,2,-2,3,-1,3,1
76,142,142,-1,3,3,2,3,3,-1,-3,-3
76,142,170,-1,3,3,2,3,0,-1,-3,-2
76,142,174,-1,3,3,2,3,2,-1,-3,-2
76,142,178,-1,3,3,2,3,-3,-1,-3,1
76,142,186,-1,3,3,2,3,-1,-1,-3,1
76,142,204,-1,3,0,2,3,3,-1,-3,-2
76,142,206,-1,3,2,2,3,3,-1,-3,-2
76,142,212,-1,3,-3,2,3,3,-1,-3,1
76,142,220,-1,3,-1,2,3,3,-1,-3,1
76,142,238,-1,3,3,2,3,3,-1,-3,-2
76,142,240,-1,3,0,2,3,0,-1,-3,1
76,142,242,-1,3,2,2,3,-2,-1,-3,3
76,142,244,-1,3,-2,2,3,2,-1,-3,3
76,142,250,-1,3,3,2,3,0,-1,-3,1
76,142,252,-1,3,0,2,3,3,-1,-3,1
76,142,254,-1,3,3,2,3,3,-1,-3,1
76,170,170,-1,3,3,2,-2,0,-1,0,-2
76,170,174,-1,3,3,2,-2,2,-1,0,-2
76,170,178,-1,3,3,2,-2,-3,-1,0,1
76,170,186,-1,3,3,2,-2,-1,-1,0,1
76,170,204,-1,3,0,2,-2,3,-1,0,-2
76,170,206,-1,3,2,2,-2,3,-1,0,-2
76,170,212,-1,3,-3,2,-2,3,-1,0,1
76,170,220,-1,3,-1,2,-2,3,-1,0,1
76,170,238,-1,3,3,2,-2,3,-1,0,-2
76,170,240,-1,3,0,2,-2,0,-1,0,1
76,170,242,-1,3,2,2,-2,-2,-1,0,3
76,170,244,-1,3,-2,2,-2,2,-1,0,3
76,170,250,-1,3,3,2,-2,0,-1,0,1
76,170,252,-1,3,0,2,-2,3,-1,0,1
76,170,254,-1,3,3,2,-2,3,-1,0,1
76,174,174,-1,3,3,2,2,2,-1,-2,-2
76,174,178,-1,3,3,2,2,-3,-1,-2,1
76,174,186,-1,3,3,2,2,-1,-1,-2,1
76,174,204,-1,3,0,2,2,3,-1,-2,-2
76,174,206,-1,3,2,2,2,3,-1,-2,-2
76,174,212,-1,3,-3,2,2,3,-1,-2,1
76,174,220,-1,3,-1,2,2,3,-1,-2,1
76,174,238,-1,3,3,2,2,3,-1,-2,-2
76,174,240,-1,3,0,2,2,0,-1,-2,1
76,174,242,-1,3,2,2,2,-2,-1,-2,3
76,174,244,-1,3,-2,2,2,2,-1,-2,3
76,174,250,-1,3,3,2,2,0,-1,-2,1
76,174,252,-1,3,0,2,2,3,-1,-2,1
76,174,254,-1,3,3,2,2,3,-1,-2,1
76,178,178,-1,3,3,2,-3,-3,-1,3,1
76,178,186,-1,3,3,2,-3,-1,-1,3,1
76,178,204,-1,3,0,2,-3,3,-1,3,-2
76,178,206,-1,3,2,2,-3,3,-1,3,-2
76,178,212,-1,3,-3,2,-3,3,-1,3,1
76,178,220,-1,3,-1,2,-3,3,-1,3,1
76,178,238,-1,3,3,2,-3,3,-1,3,-2
76,178,240,-1,3,0,2,-3,0,-1,3,1
76,178,242,-1,3,2,2,-3,-2,-1,3,3
76,178,244,-1,3,-2,2,-3,2,-1,3,3
76,178,250,-1,3,3,2,-3,0,-1,3,1
76,178,252,-1,3,0,2,-3,3,-1,3,1
76,178,254,-1,3,3,2,-3,3,-1,3,1
76,186,186,-1,3,3,2,-2,-1,-1,2,1
76,186,204,-1,3,0,2,-2,3,-1,2,-2
76,186,206,-1,3,2,2,-2,3,-1,2,-2
76,186,212,-1,3,-3,2,-2,3,-1,2,1
76,186,220,-1,3,-1,2,-2,3,-1,2,1
76,186,238,-1,3,3,2,-2,3,-1,2,-2
76,186,240,-1,3,0,2,-2,0,-1,2,1
76,186,242,-1,3,2,2,-2,-2,-1,2,3
76,186,244,-1,3,-2,2,-2,2,-1,2,3
76,186,250,-1,3,3,2,-2,0,-1,2,1
76,186,252,-1,3,0,2,-2,3,-1,2,1
76,186,254,-1,3,3,2,-2,3,-1,2,1
76,204,204,-1,0,0,2,3,3,-1,-2,-2
76,204,206,-1,0,2,2,3,3,-1,-2,-2
76,204,212,-1,0,-3,2,3,3,-1,-2,1
76,204,220,-1,0,-1,2,3,3,-1,-2,1
76,204,238,-1,0,3,2,3,3,-1,-2,-2
76,204,240,-1,0,0,2,3,0,-1,0,1
76,204,242,-1,0,2,2,3,-2,-1,0,3
76,204,244,-1,0,-2,2,3,2,-1,-2,3
76,204,250,-1,0,3,2,3,0,-1,0,1
76,204,252,-1,0,0,2,3,3,-1,-2,1
76,204,254,-1,0,3,2,3,3,-1,-2,1
76,206,206,-1,2,2,2,3,3,-1,-2,-2
76,206,212,-1,2,-3,2,3,3,-1,-2,1
76,206,220,-1,2,-1,2,3,3,-1,-2,1
76,206,238,-1,2,3,2,3,3,-1,-2,-2
76,206,240,-1,2,0,2,3,0,-1,-2,1
76,206,242,-1,2,2,2,3,-2,-1,-2,3
76,206,244,-1,2,-2,2,3,2,-1,-2,3
76,206,250,-1,2,3,2,3,0,-1,-2,1
76,206,252,-1,2,0,2,3,3,-1,-2,1
76,206,254,-1,2,3,2,3,3,-1,-2,1
76,212,212,-1,-3,-3,2,2,3,-1,3,1
76,212,220,-1,-3,-1,2,2,3,-1,3,1
76,212,238,-1,-3,3,2,2,3,-1,3,-2
76,212,240,-1,-3,0,2,2,0,-1,3,1
76,212,242,-1,-3,2,2,2,-2,-1,3,3
76,212,244,-1,-3,-2,2,2,2,-1,3,3
76,212,250,-1,-3,3,2,2,0,-1,3,1
76,212,252,-1,-3,0,2,2,3,-1,3,1
76,212,254,-1,-3,3,2,2,3,-1,3,1
76,220,220,-1,-1,-1,2,2,3,-1,1,1
76,220,238,-1,-1,3,2,2,3,-1,1,-2
76,220,240,-1,-1,0,2,2,0,-1,1,1
76,220,242,-1,-1,2,2,2,-2,-1,1,3
76,220,244,-1,-1,-2,2,2,2,-1,1,3
76,220,250,-1,-1,3,2,2,0,-1,1,1
76,220,252,-1,-1,0,2,2,3,-1,1,1
76,220,254,-1,-1,3,2,2,3,-1,1,1
76,238,238,-1,3,3,2,3,3,-1,-2,-2
76,238,240,-1,3,0,2,3,0,-1,0,1
76,238,242,-1,3,2,2,3,-2,-1,0,3
76,238,244,-1,3,-2,2,3,2,-1,-2,3
76,238,250,-1,3,3,2,3,0,-1,0,1
76,238,252,-1,3,0,2,3,3,-1,-2,1
76,238,254,-1,3,3,2,3,3,-1,-2,1
76,240,240,-1,0,0,2,-2,0,-1,3,1
76,240,242,-1,0,2,2,-2,-2,-1,3,3
76,240,244,-1,0,-2,2,-2,2,-1,3,3
76,240,250,-1,0,3,2,-2,0,-1,3,1
76,240,252,-1,0,0,2,-2,3,-1,3,1
76,240,254,-1,0,3,2,-2,3,-1,3,1
76,242,242,-1,2,2,2,-2,-2,-1,3,3
76,242,244,-1,2,-2,2,-2,2,-1,3,3
76,242,250,-1,2,3,2,-2,0,-1,3,1
76,242,252,-1,2,0,2,-2,3,-1,3,1
76,242,254,-1,2,3,2,-2,3,-1,3,1
76,244,244,-1,-2,-2,2,2,2,-1,3,3
76,244,250,-1,-2,3,2,2,0,-1,3,1
76,244,252,-1,-2,0,2,2,3,-1,3,1
76,244,254,-1,-2,3,2,2,3,-1,3,1
76,250,250,-1,3,3,2,-2,0,-1,3,1
76,250,252,-1,3,0,2,-2,3,-1,3,1
76,250,254,-1,3,3,2,-2,3,-1,3,1
76,252,252,-1,-1,0,2,2,3,-1,3,1
76,252,254,-1,-1,3,2,2,3,-1,3,1
76,254,254,-1,3,3,2,3,3,-1,3,1
80,80,80,-1,-2,-3,0,-1,-2,1,2,3
80,80,84,-1,-2,-3,0,-1,1,1,2,2
80,80,112,-1,-2,-2,0,-1,-2,1,2,3
80,80,142,-2,-3,1,-1,-2,3,2,3,-3
80,80,170,-2,-3,3,-1,-2,0,2,3,-2
80,80,174,-2,-3,3,-1,-2,2,2,3,-2
80,80,178,-1,-2,1,0,-1,-3,1,2,3
80,80,186,-2,-3,3,-1,-2,-1,2,3,1
80,80,204,-2,-3,0,-1,-2,3,2,3,-2
80,80,206,-2,-3,2,-1,-2,3,2,3,-2
80,80,212,-1,-2,-3,0,-1,1,1,2,3
80,80,220,-2,-3,-1,-1,-2,3,2,3,1
80,80,238,-2,-3,3,-1,-2,3,2,3,-2
80,80,240,-1,-2,0,0,-1,-2,1,2,3
80,80,242,-1,-2,1,0,-1,-2,1,2,3
80,80,244,-1,-2,-2,0,-1,1,1,2,3
80,80,250,-2,-3,3,-1,-2,0,2,3,1
80,80,252,-2,-3,0,-1,-2,3,2,3,1
80,80,254,-2,-3,3,-1,-2,3,2,3,1
80,84,84,-1,-3,-3,0,2,1,1,1,2
80,84,112,-1,-3,-2,0,2,-2,1,1,3
80,84,142,-2,-3,1,-1,2,3,2,1,-3
80,84,170,-2,-3,3,-1,2,0,2,1,-2
80,84,174,-2,-3,3,-1,2,2,2,1,-2
80,84,178,-1,-3,1,0,2,-3,1,1,3
80,84,186,-2,-3,3,-1,2,-1,2,1,1
80,84,204,-2,-3,0,-1,2,3,2,1,-2
80,84,206,-2,-3,2,-1,2,3,2,1,-2
80,84,212,-1,-3,-3,0,2,1,1,1,3
80,84,220,-2,-3,-1,-1,2,3,2,1,1
80,84,238,-2,-3,3,-1,2,3,2,1,-2
80,84,240,-1,-3,0,0,2,-2,1,1,3
80,84,242,-1,-3,1,0,2,-2,1,1,3
80,84,244,-1,-3,-2,0,2,1,1,1,3
80,84,250,-2,-3,3,-1,2,0,2,1,1
80,84,252,-2,-3,0,-1,2,3,2,1,1
80,84,254,-2,-3,3,-1,2,3,2,1,1
80,112,112,-1,-2,-2,0,-2,-2,1,3,3
80,112,142,-2,-2,1,-1,-2,3,2,3,-3
80,112,170,-2,-2,3,-1,-2,0,2,3,-2
80,112,174,-2,-2,3,-1,-2,2,2,3,-2
80,112,178,-1,-2,1,0,-2,-3,1,3,3
80,112,186,-2,-2,3,-1,-2,-1,2,3,1
80,112,204,-2,-2,0,-1,-2,3,2,3,-2
80,112,206,-2,-2,2,-1,-2,3,2,3,-2
80,112,212,-1,-2,-3,0,-2,1,1,3,3
80,112,220,-2,-2,-1,-1,-2,3,2,3,1
80,112,238,-2,-2,3,-1,-2,3,2,3,-2
80,112,240,-1,-2,0,0,-2,-2,1,3,3
80,112,242,-1,-2,1,0,-2,-2,1,3,3
80,112,244,-1,-2,-2,0,-2,1,1,3,3
80,112,250,-2,-2,3,-1,-2,0,2,3,1
80,112,252,-2,-2,0,-1,-2,3,2,3,1
80,112,254,-2,-2,3,-1,-2,3,2,3,1
80,142,142,-2,3,1,-1,3,3,2,-3,-3
80,142,170,-2,3,3,-1,3,0,2,-3,-2
80,142,174,-2,3,3,-1,3,2,2,-3,-2
80,142,178,-1,3,1,0,3,-3,1,-3,3
80,142,186,-2,3,3,-1,3,-1,2,-3,1
80,142,204,-2,3,0,-1,3,3,2,-3,-2
80,142,206,-2,3,2,-1,3,3,2,-3,-2
80,142,212,-1,3,-3,0,3,1,1,-3,3
80,142,220,-2,3,-1,-1,3,3,2,-3,1
80,142,238,-2,3,3,-1,3,3,2,-3,-2
80,142,240,-1,3,0,0,3,-2,1,-3,3
80,142,242,-1,3,1,0,3,-2,1,-3,3
80,142,244,-1,3,-2,0,3,1,1,-3,3
80,142,250,-2,3,3,-1,3,0,2,-3,1
80,142,252,-2,3,0,-1,3,3,2,-3,1
80,142,254,-2,3,3,-1,3,3,2,-3,1
80,170,170,-2,3,3,-1,-1,0,2,-1,-2
80,170,174,-2,3,3,-1,-1,2,2,-1,-2
80,170,178,-1,3,1,0,-2,-3,1,0,3
80,170,186,-2,3,3,-1,-1,-1,2,-1,1
80,170,204,-2,3,0,-1,-1,3,2,-1,-2
80,170,206,-2,3,2,-1,-1,3,2,-1,-2
80,170,212,-1,3,-3,0,-2,1,1,0,3
80,170,220,-2,3,-1,-1,-1,3,2,-1,1
80,170,238,-2,3,3,-1,-1,3,2,-1,-2
80,170,240,-1,3,0,0,-2,-2,1,0,3
80,170,242,-1,3,1,0,-2,-2,1,0,3
80,170,244,-1,3,-2,0,-2,1,1,0,3
80,170,250,-2,3,3,-1,-1,0,2,-1,1
80,170,252,-2,3,0,-1,-1,3,2,-1,1
80,170,254,-2,3,3,-1,-1,3,2,-1,1
80,174,174,-2,3,3,-1,2,2,2,-2,-2
80,174,178,-1,3,1,0,2,-3,1,-2,3
80,174,186,-2,3,3,-1,2,-1,2,-2,1
80,174,204,-2,3,0,-1,2,3,2,-2,-2
80,174,206,-2,3,2,-1,2,3,2,-2,-2
80,174,212,-1,3,-3,0,2,1,1,-2,3
80,174,220,-2,3,-1,-1,2,3,2,-2,1
80,174,238,-2,3,3,-1,2,3,2,-2,-2
80,174,240,-1,3,0,0,2,-2,1,-2,3
80,174,242,-1,3,1,0,2,-2,1,-2,3
80,174,244,-1,3,-2,0,2,1,1,-2,3
80,174,250,-2,3,3,-1,2,0,2,-2,1
80,174,252,-2,3,0,-1,2,3,2,-2,1
80,174,254,-2,3,3,-1,2,3,2,-2,1
80,178,178,-1,3,1,0,-3,-3,1,3,3
80,178,186,-2,3,3,-1,-3,-1,2,3,1
80,178,204,-2,3,0,-1,-3,3,2,3,-2
80,178,206,-2,3,2,-1,-3,3,2,3,-2
80,178,212,-1,3,-3,0,-3,1,1,3,3
80,178,220,-2,3,-1,-1,-3,3,2,3,1
80,178,238,-2,3,3,-1,-3,3,2,3,-2
80,178,240,-1,3,0,0,-3,-2,1,3,3
80,178,242,-1,3,1,0,-3,-2,1,3,3
80,178,244,-1,3,-2,0,-3,1,1,3,3
80,178,250,-2,3,3,-1,-3,0,2,3,1
80,178,252,-2,3,0,-1,-3,3,2,3,1
80,178,254,-2,3,3,-1,-3,3,2,3,1
80,186,186,-2,3,3,-1,-2,-1,2,2,1
80,186,204,-2,3,0,-1,-2,3,2,2,-2
80,186,206,-2,3,2,-1,-2,3,2,2,-2
80,186,212,-1,3,-3,0,-2,1,1,2,3
80,186,220,-2,3,-1,-1,-2,3,2,2,1
80,186,238,-2,3,3,-1,-2,3,2,2,-2
80,186,240,-1,3,0,0,-2,-2,1,2,3
80,186,242,-1,3,1,0,-2,-2,1,2,3
80,186,244,-1,3,-2,0,-2,1,1,2,3
80,186,250,-2,3,3,-1,-2,0,2,2,1
80,186,252,-2,3,0,-1,-2,3,2,2,1
80,186,254,-2,3,3,-1,-2,3,2,2,1
80,204,204,-2,-1,0,-1,3,3,2,-1,-2
80,204,206,-2,-1,2,-1,3,3,2,-1,-2
80,204,212,-1,-1,-3,0,3,1,1,-1,3
80,204,220,-2,-1,-1,-1,3,3,2,-1,1
80,204,238,-2,-1,3,-1,3,3,2,-1,-2
80,204,240,-1,-1,0,0,3,-2,1,-1,3
80,204,242,-1,-1,1,0,3,-2,1,-1,3
80,204,244,-1,-1,-2,0,3,1,1,-1,3
80,204,250,-2,-1,3,-1,3,0,2,-1,1
80,204,252,-2,-1,0,-1,3,3,2,-1,1
80,204,254,-2,-1,3,-1,3,3,2,-1,1
80,206,206,-2,2,2,-1,3,3,2,-2,-2
80,206,212,-1,2,-3,0,3,1,1,-2,3
80,206,220,-2,2,-1,-1,3,3,2,-2,1
80,206,238,-2,2,3,-1,3,3,2,-2,-2
80,206,240,-1,2,0,0,3,-2,1,-2,3
80,206,242,-1,2,1,0,3,-2,1,-2,3
80,206,244,-1,2,-2,0,3,1,1,-2,3
80,206,250,-2,2,3,-1,3,0,2,-2,1
80,206,252,-2,2,0,-1,3,3,2,-2,1
80,206,254,-2,2,3,-1,3,3,2,-2,1
80,212,212,-1,-3,-3,0,3,1,1,3,3
80,212,220,-2,-3,-1,-1,3,3,2,3,1
80,212,238,-2,-3,3,-1,3,3,2,3,-2
80,212,240,-1,-3,0,0,3,-2,1,3,3
80,212,242,-1,-3,1,0,3,-2,1,3,3
80,212,244,-1,-3,-2,0,3,1,1,3,3
80,212,250,-2,-3,3,-1,3,0,2,3,1
80,212,252,-2,-3,0,-1,3,3,2,3,1
80,212,254,-2,-3,3,-1,3,3,2,3,1
80,220,220,-2,-2,-1,-1,3,3,2,2,1
80,220,238,-2,-2,3,-1,3,3,2,2,-2
80,220,240,-1,-2,0,0,3,-2,1,2,3
80,220,242,-1,-2,1,0,3,-2,1,2,3
80,220,244,-1,-2,-2,0,3,1,1,2,3
80,220,250,-2,-2,3,-1,3,0,2,2,1
80,220,252,-2,-2,0,-1,3,3,2,2,1
80,220,254,-2,-2,3,-1,3,3,2,2,1
80,238,238,-2,3,3,-1,3,3,2,-2,-2
80,238,240,-1,3,0,0,3,-2,1,-2,3
80,238,242,-1,3,1,0,3,-2,1,-2,3
80,238,244,-1,3,-2,0,3,1,1,-2,3
80,238,250,-2,3,3,-1,3,0,2,-2,1
80,238,252,-2,3,0,-1,3,3,2,-2,1
80,238,254,-2,3,3,-1,3,3,2,-2,1
80,240,240,-1,-1,0,0,-1,-2,1,3,3
80,240,242,-1,-1,1,0,-1,-2,1,3,3
80,240,244,-1,-1,-2,0,-1,1,1,3,3
80,240,250,-2,-1,3,-1,-1,0,2,3,1
80,240,252,-2,-1,0,-1,-1,3,2,3,1
80,240,254,-2,-1,3,-1,-1,3,2,3,1
80,242,242,-1,2,1,0,-2,-2,1,3,3
80,242,244,-1,2,-2,0,-2,1,1,3,3
80,242,250,-2,2,3,-1,-2,0,2,3,1
80,242,252,-2,2,0,-1,-2,3,2,3,1
80,242,254,-2,2,3,-1,-2,3,2,3,1
80,244,244,-1,-2,-2,0,2,1,1,3,3
80,244,250,-2,-2,3,-1,2,0,2,3,1
80,244,252,-2,-2,0,-1,2,3,2,3,1
80,244,254,-2,-2,3,-1,2,3,2,3,1
80,250,250,-2,3,3,-1,-2,0,2,3,1
80,250,252,-2,3,0,-1,-2,3,2,3,1
80,250,254,-2,3,3,-1,-2,3,2,3,1
80,252,252,-2,-2,0,-1,3,3,2,3,1
80,252,254,-2,-2,3,-1,3,3,2,3,1
80,254,254,-2,3,3,-1,3,3,2,3,1
84,84,84,-2,-3,-3,1,2,1,1,1,2
84,84,112,-2,-3,-2,1,2,-2,1,1,3
84,84,142,-2,-3,1,1,2,3,1,1,-3
84,84,170,-2,-3,3,1,2,0,1,1,-2
84,84,174,-2,-3,3,1,2,2,1,1,-2
84,84,178,-2,-3,1,1,2,-3,1,1,3
84,84,186,-2,-3,3,1,2,-1,1,1,1
84,84,204,-2,-3,0,1,2,3,1,1,-2
84,84,206,-2,-3,2,1,2,3,1,1,-2
84,84,212,-2,-3,-3,1,2,1,1,1,3
84,84,220,-2,-3,-1,1,2,3,1,1,1
84,84,238,-2,-3,3,1,2,3,1,1,-2
84,84,240,-2,-3,0,1,2,-2,1,1,3
84,84,242,-2,-3,1,1,2,-2,1,1,3
84,84,244,-2,-3,-2,1,2,1,1,1,3
84,84,250,-2,-3,3,1,2,0,1,1,1
84,84,252,-2,-3,0,1,2,3,1,1,1
84,84,254,-2,-3,3,1,2,3,1,1,1
84,112,112,-2,-2,-2,1,-2,-2,1,3,3
84,112,142,-2,-2,1,1,-2,3,1,3,-3
84,112,170,-2,-2,3,1,-2,0,1,3,-2
84,112,174,-2,-2,3,1,-2,2,1,3,-2
84,112,178,-2,-2,1,1,-2,-3,1,3,3
84,112,186,-2,-2,3,1,-2,-1,1,3,1
84,112,204,-2,-2,0,1,-2,3,1,3,-2
84,112,206,-2,-2,2,1,-2,3,1,3,-2
84,112,212,-2,-2,-3,1,-2,1,1,3,3
84,112,220,-2,-2,-1,1,-2,3,1,3,1
84,112,238,-2,-2,3,1,-2,3,1,3,-2
84,112,240,-2,-2,0,1,-2,-2,1,3,3
84,112,242,-2,-2,1,1,-2,-2,1,3,3
84,112,244,-2,-2,-2,1,-2,1,1,3,3
84,112,250,-2,-2,3,1,-2,0,1,3,1
84,112,252,-2,-2,0,1,-2,3,1,3,1
84,112,254,-2,-2,3,1,-2,3,1,3,1
84,142,142,-2,3,1,1,3,3,1,-3,-3
84,142,170,-2,3,3,1,3,0,1,-3,-2
84,142,174,-2,3,3,1,3,2,1,-3,-2
84,142,178,-2,3,1,1,3,-3,1,-3,3
84,142,186,-2,3,3,1,3,-1,1,-3,1
84,142,204,-2,3,0,1,3,3,1,-3,-2
84,142,206,-2,3,2,1,3,3,1,-3,-2
84,142,212,-2,3,-3,1,3,1,1,-3,3
84,142,220,-2,3,-1,1,3,3,1,-3,1
84,142,238,-2,3,3,1,3,3,1,-3,-2
84,142,240,-2,3,0,1,3,-2,1,-3,3
84,142,242,-2,3,1,1,3,-2,1,-3,3
84,142,244,-2,3,-2,1,3,1,1,-3,3
84,142,250,-2,3,3,1,3,0,1,-3,1
84,142,252,-2,3,0,1,3,3,1,-3,1
84,142,254,-2,3,3,1,3,3,1,-3,1
84,170,170,-2,3,3,1,-1,0,1,-1,-2
84,170,174,-2,3,3,1,-1,2,1,-1,-2
84,170,178,-2,3,1,1,-2,-3,1,0,3
84,170,186,-2,3,3,1,-1,-1,1,-1,1
84,170,204,-2,3,0,1,-1,3,1,-1,-2
84,170,206,-2,3,2,1,-1,3,1,-1,-2
84,170,212,-2,3,-3,1,-2,1,1,0,3
84,170,220,-2,3,-1,1,-1,3,1,-1,1
84,170,238,-2,3,3,1,-1,3,1,-1,-2
84,170,240,-2,3,0,1,-2,-2,1,0,3
84,170,242,-2,3,1,1,-2,-2,1,0,3
84,170,244,-2,3,-2,1,-2,1,1,0,3
84,170,250,-2,3,3,1,-1,0,1,-1,1
84,170,252,-2,3,0,1,-1,3,1,-1,1
84,170,254,-2,3,3,1,-1,3,1,-1,1
84,174,174,-2,3,3,1,2,2,1,-2,-2
84,174,178,-2,3,1,1,2,-3,1,-2,3
84,174,186,-2,3,3,1,2,-1,1,-2,1
84,174,204,-2,3,0,1,2,3,1,-2,-2
84,174,206,-2,3,2,1,2,3,1,-2,-2
84,174,212,-2,3,-3,1,2,1,1,-2,3
84,174,220,-2,3,-1,1,2,3,1,-2,1
84,174,238,-2,3,3,1,2,3,1,-2,-2
84,174,240,-2,3,0,1,2,-2,1,-2,3
84,174,242,-2,3,1,1,2,-2,1,-2,3
84,174,244,-2,3,-2,1,2,1,1,-2,3
84,174,250,-2,3,3,1,2,0,1,-2,1
84,174,252,-2,3,0,1,2,3,1,-2,1
84,174,254,-2,3,3,1,2,3,1,-2,1
84,178,178,-2,3,1,1,-3,-3,1,3,3
84,178,186,-2,3,3,1,-3,-1,1,3,1
84,178,204,-2,3,0,1,-3,3,1,3,-2
84,178,206,-2,3,2,1,-3,3,1,3,-2
84,178,212,-2,3,-3,1,-3,1,1,3,3
84,178,220,-2,3,-1,1,-3,3,1,3,1
84,178,238,-2,3,3,1,-3,3,1,3,-2
84,178,240,-2,3,0,1,-3,-2,1,3,3
84,178,242,-2,3,1,1,-3,-2,1,3,3
84,178,244,-2,3,-2,1,-3,1,1,3,3
84,178,250,-2,3,3,1,-3,0,1,3,1
84,178,252,-2,3,0,1,-3,3,1,3,1
84,178,254,-2,3,3,1,-3,3,1,3,1
84,186,186,-2,3,3,1,-2,-1,1,2,1
84,186,204,-2,3,0,1,-2,3,1,2,-2
84,186,206,-2,3,2,1,-2,3,1,2,-2
84,186,212,-2,3,-3,1,-2,1,1,2,3
84,186,220,-2,3,-1,1,-2,3,1,2,1
84,186,238,-2,3,3,1,-2,3,1,2,-2
84,186,240,-2,3,0,1,-2,-2,1,2,3
84,186,242,-2,3,1,1,-2,-2,1,2,3
84,186,244,-2,3,-2,1,-2,1,1,2,3
84,186,250,-2,3,3,1,-2,0,1,2,1
84,186,252,-2,3,0,1,-2,3,1,2,1
84,186,254,-2,3,3,1,-2,3,1,2,1
84,204,204,-2,-1,0,1,3,3,1,-1,-2
84,204,206,-2,-1,2,1,3,3,1,-1,-2
84,204,212,-2,-1,-3,1,3,1,1,-1,3
84,204,220,-2,-1,-1,1,3,3,1,-1,1
84,204,238,-2,-1,3,1,3,3,1,-1,-2
84,204,240,-2,-1,0,1,3,-2,1,-1,3
84,204,242,-2,-1,1,1,3,-2,1,-1,3
84,204,244,-2,-1,-2,1,3,1,1,-1,3
84,204,250,-2,-1,3,1,3,0,1,-1,1
84,204,252,-2,-1,0,1,3,3,1,-1,1
84,204,254,-2,-1,3,1,3,3,1,-1,1
84,206,206,-2,2,2,1,3,3,1,-2,-2
84,206,212,-2,2,-3,1,3,1,1,-2,3
84,206,220,-2,2,-1,1,3,3,1,-2,1
84,206,238,-2,2,3,1,3,3,1,-2,-2
84,206,240,-2,2,0,1,3,-2,1,-2,3
84,206,242,-2,2,1,1,3,-2,1,-2,3
84,206,244,-2,2,-2,1,3,1,1,-2,3
84,206,250,-2,2,3,1,3,0,1,-2,1
84,206,252,-2,2,0,1,3,3,1,-2,1
84,206,254,-2,2,3,1,3,3,1,-2,1
84,212,212,-2,-3,-3,1,3,1,1,3,3
84,212,220,-2,-3,-1,1,3,3,1,3,1
84,212,238,-2,-3,3,1,3,3,1,3,-2
84,212,240,-2,-3,0,1,3,-2,1,3,3
84,212,242,-2,-3,1,1,3,-2,1,3,3
84,212,244,-2,-3,-2,1,3,1,1,3,3
84,212,250,-2,-3,3,1,3,0,1,3,1
84,212,252,-2,-3,0,1,3,3,1,3,1
84,212,254,-2,-3,3,1,3,3,1,3,1
84,220,220,-2,-2,-1,1,3,3,1,2,1
84,220,238,-2,-2,3,1,3,3,1,2,-2
84,220,240,-2,-2,0,1,3,-2,1,2,3
84,220,242,-2,-2,1,1,3,-2,1,2,3
84,220,244,-2,-2,-2,1,3,1,1,2,3
84,220,250,-2,-2,3,1,3,0,1,2,1
84,220,252,-2,-2,0,1,3,3,1,2,1
84,220,254,-2,-2,3,1,3,3,1,2,1
84,238,238,-2,3,3,1,3,3,1,-2,-2
84,238,240,-2,3,0,1,3,-2,1,-2,3
84,238,242,-2,3,1,1,3,-2,1,-2,3
84,238,244,-2,3,-2,1,3,1,1,-2,3
84,238,250,-2,3,3,1,3,0,1,-2,1
84,238,252,-2,3,0,1,3,3,1,-2,1
84,238,254,-2,3,3,1,3,3,1,-2,1
84,240,240,-2,-1,0,1,-1,-2,1,3,3
84,240,242,-2,-1,1,1,-1,-2,1,3,3
84,240,244,-2,-1,-2,1,-1,1,1,3,3
84,240,250,-2,-1,3,1,-1,0,1,3,1
84,240,252,-2,-1,0,1,-1,3,1,3,1
84,240,254,-2,-1,3,1,-1,3,1,3,1
84,242,242,-2,2,1,1,-2,-2,1,3,3
84,242,244,-2,2,-2,1,-2,1,1,3,3
84,242,250,-2,2,3,1,-2,0,1,3,1
84,242,252,-2,2,0,1,-2,3,1,3,1
84,242,254,-2,2,3,1,-2,3,1,3,1
84,244,244,-2,-2,-2,1,2,1,1,3,3
84,244,250,-2,-2,3,1,2,0,1,3,1
84,244,252,-2,-2,0,1,2,3,1,3,1
84,244,254,-2,-2,3,1,2,3,1,3,1
84,250,250,-2,3,3,1,-2,0,1,3,1
84,250,252,-2,3,0,1,-2,3,1,3,1
84,250,254,-2,3,3,1,-2,3,1,3,1
84,252,252,-2,-2,0,1,3,3,1,3,1
84,252,254,-2,-2,3,1,3,3,1,3,1
84,254,254,-2,3,3,1,3,3,1,3,1
112,112,112,-1,-2,-2,-2,-2,-2,3,3,3
112,112,142,-1,-1,3,-2,-2,3,3,3,-3
112,112,170,-1,-1,3,-2,-2,0,3,3,-2
112,112,174,-1,-1,3,-2,-2,2,3,3,-2
112,112,178,-1,-1,3,-2,-2,-3,3,3,1
112,112,186,-1,-1,3,-2,-2,-2,3,3,1
112,112,204,-1,-1,0,-2,-2,3,3,3,-2
112,112,206,-1,-1,2,-2,-2,3,3,3,-2
112,112,212,-1,-1,-3,-2,-2,3,3,3,1
112,112,220,-1,-1,-1,-2,-2,3,3,3,1
112,112,238,-1,-1,3,-2,-2,3,3,3,-2
112,112,240,-1,-1,0,-2,-2,0,3,3,1
112,112,242,-1,-1,2,-2,-2,-2,3,3,3
112,112,244,-1,-1,-2,-2,-2,2,3,3,3
112,112,250,-1,-1,3,-2,-2,0,3,3,1
112,112,252,-1,-1,0,-2,-2,3,3,3,1
112,112,254,-1,-1,3,-2,-2,3,3,3,1
112,142,142,-1,3,3,-2,3,3,3,-3,-3
112,142,170,-1,3,3,-2,3,0,3,-3,-2
112,142,174,-1,3,3,-2,3,2,3,-3,-2
112,142,178,-1,3,3,-2,3,-3,3,-3,1
112,142,186,-1,3,3,-2,3,-1,3,-3,1
112,142,204,-1,3,0,-2,3,3,3,-3,-2
112,142,206,-1,3,2,-2,3,3,3,-3,-2
112,142,212,-1,3,-3,-2,3,3,3,-3,1
112,142,220,-1,3,-1,-2,3,3,3,-3,1
112,142,238,-1,3,3,-2,3,3,3,-3,-2
112,142,240,-1,3,0,-2,3,0,3,-3,1
112,142,242,-1,3,2,-2,3,-2,3,-3,3
112,142,244,-1,3,-2,-2,3,2,3,-3,3
112,142,250,-1,3,3,-2,3,0,3,-3,1
112,142,252,-1,3,0,-2,3,3,3,-3,1
112,142,254,-1,3,3,-2,3,3,3,-3,1
112,170,170,-1,3,3,-2,-2,0,3,0,-2
112,170,174,-1,3,3,-2,-2,2,3,0,-2
112,170,178,-1,3,3,-2,-2,-3,3,0,1
112,170,186,-1,3,3,-2,-2,-1,3,0,1
112,170,204,-1,3,0,-2,-2,3,3,0,-2
112,170,206,-1,3,2,-2,-2,3,3,0,-2
112,170,212,-1,3,-3,-2,-2,3,3,0,1
112,170,220,-1,3,-1,-2,-2,3,3,0,1
112,170,238,-1,3,3,-2,-2,3,3,0,-2
112,170,240,-1,3,0,-2,-2,0,3,0,1
112,170,242,-1,3,2,-2,-2,-2,3,0,3
112,170,244,-1,3,-2,-2,-2,2,3,0,3
112,170,250,-1,3,3,-2,-2,0,3,0,1
112,170,252,-1,3,0,-2,-2,3,3,0,1
112,170,254,-1,3,3,-2,-2,3,3,0,1
112,174,174,-1,3,3,-2,2,2,3,-2,-2
112,174,178,-1,3,3,-2,2,-3,3,-2,1
112,174,186,-1,3,3,-2,2,-1,3,-2,1
112,174,204,-1,3,0,-2,2,3,3,-2,-2
112,174,206,-1,3,2,-2,2,3,3,-2,-2
112,174,212,-1,3,-3,-2,2,3,3,-2,1
112,174,220,-1,3,-1,-2,2,3,3,-2,1
112,174,238,-1,3,3,-2,2,3,3,-2,-2
112,174,240,-1,3,0,-2,2,0,3,-2,1
112,174,242,-1,3,2,-2,2,-2,3,-2,3
112,174,244,-1,3,-2,-2,2,2,3,-2,3
112,174,250,-1,3,3,-2,2,0,3,-2,1
112,174,252,-1,3,0,-2,2,3,3,-2,1
112,174,254,-1,3,3,-2,2,3,3,-2,1
112,178,178,-1,3,3,-2,-3,-3,3,3,1
112,178,186,-1,3,3,-2,-3,-1,3,3,1
112,178,204,-1,3,0,-2,-3,3,3,3,-2
112,178,206,-1,3,2,-2,-3,3,3,3,-2
112,178,212,-1,3,-3,-2,-3,3,3,3,1
112,178,220,-1,3,-1,-2,-3,3,3,3,1
112,178,238,-1,3,3,-2,-3,3,3,3,-2
112,178,240,-1,3,0,-2,-3,0,3,3,1
112,178,242,-1,3,2,-2,-3,-2,3,3,3
112,178,244,-1,3,-2,-2,-3,2,3,3,3
112,178,250,-1,3,3,-2,-3,0,3,3,1
112,178,252,-1,3,0,-2,-3,3,3,3,1
112,178,254,-1,3,3,-2,-3,3,3,3,1
112,186,186,-1,3,3,-2,-2,-1,3,2,1
112,186,204,-1,3,0,-2,-2,3,3,2,-2
112,186,206,-1,3,2,-2,-2,3,3,2,-2
112,186,212,-1,3,-3,-2,-2,3,3,2,1
112,186,220,-1,3,-1,-2,-2,3,3,2,1
112,186,238,-1,3,3,-2,-2,3,3,2,-2
112,186,240,-1,3,0,-2,-2,0,3,2,1
112,186,242,-1,3,2,-2,-2,-2,3,2,3
112,186,244,-1,3,-2,-2,-2,2,3,2,3
112,186,250,-1,3,3,-2,-2,0,3,2,1
112,186,252,-1,3,0,-2,-2,3,3,2,1
112,186,254,-1,3,3,-2,-2,3,3,2,1
112,204,204,-1,0,0,-2,3,3,3,-2,-2
112,204,206,-1,0,2,-2,3,3,3,-2,-2
112,204,212,-1,0,-3,-2,3,3,3,-2,1
112,204,220,-1,0,-1,-2,3,3,3,-2,1
112,204,238,-1,0,3,-2,3,3,3,-2,-2
112,204,240,-1,0,0,-2,3,0,3,-2,1
112,204,242,-1,0,2,-2,3,-2,3,-2,3
112,204,244,-1,0,-2,-2,3,2,3,-2,3
112,204,250,-1,0,3,-2,3,0,3,-2,1
112,204,252,-1,0,0,-2,3,3,3,-2,1
112,204,254,-1,0,3,-2,3,3,3,-2,1
112,206,206,-1,2,2,-2,3,3,3,-2,-2
112,206,212,-1,2,-3,-2,3,3,3,-2,1
112,206,220,-1,2,-1,-2,3,3,3,-2,1
112,206,238,-1,2,3,-2,3,3,3,-2,-2
112,206,240,-1,2,0,-2,3,0,3,-2,1
112,206,242,-1,2,2,-2,3,-2,3,-2,3
112,206,244,-1,2,-2,-2,3,2,3,-2,3
112,206,250,-1,2,3,-2,3,0,3,-2,1
112,206,252,-1,2,0,-2,3,3,3,-2,1
112,206,254,-1,2,3,-2,3,3,3,-2,1
112,212,212,-1,-3,-3,-2,3,3,3,3,1
112,212,220,-1,-3,-1,-2,3,3,3,3,1
112,212,238,-1,-3,3,-2,3,3,3,3,-2
112,212,240,-1,-3,0,-2,3,0,3,3,1
112,212,242,-1,-3,2,-2,3,-2,3,3,3
112,212,244,-1,-3,-2,-2,3,2,3,3,3
112,212,250,-1,-3,3,-2,3,0,3,3,1
112,212,252,-1,-3,0,-2,3,3,3,3,1
112,212,254,-1,-3,3,-2,3,3,3,3,1
112,220,220,-1,-2,-1,-2,3,3,3,2,1
112,220,238,-1,-2,3,-2,3,3,3,2,-2
112,220,240,-1,-2,0,-2,3,0,3,2,1
112,220,242,-1,-2,2,-2,3,-2,3,2,3
112,220,244,-1,-2,-2,-2,3,2,3,2,3
112,220,250,-1,-2,3,-2,3,0,3,2,1
112,220,252,-1,-2,0,-2,3,3,3,2,1
112,220,254,-1,-2,3,-2,3,3,3,2,1
112,238,238,-1,3,3,-2,3,3,3,0,-2
112,238,240,-1,3,0,-2,3,0,3,0,1
112,238,242,-1,3,2,-2,3,-2,3,0,3
112,238,244,-1,3,-2,-2,3,2,3,-2,3
112,238,250,-1,3,3,-2,3,0,3,0,1
112,238,252,-1,3,0,-2,3,3,3,-2,1
112,238,254,-1,3,3,-2,3,3,3,-2,1
112,240,240,-1,0,0,-2,-2,0,3,3,1
112,240,242,-1,0,2,-2,-2,-2,3,3,3
112,240,244,-1,0,-2,-2,-2,2,3,3,3
112,240,250,-1,0,3,-2,-2,0,3,3,1
112,240,252,-1,0,0,-2,-2,3,3,3,1
112,240,254,-1,0,3,-2,-2,3,3,3,1
112,242,242,-1,2,2,-2,-2,-2,3,3,3
112,242,244,-1,2,-2,-2,-2,2,3,3,3
112,242,250,-1,2,3,-2,-2,0,3,3,1
112,242,252,-1,2,0,-2,-2,3,3,3,1
112,242,254,-1,2,3,-2,-2,3,3,3,1
112,244,244,-1,-2,-2,-2,2,2,3,3,3
112,244,250,-1,-2,3,-2,2,0,3,3,1
112,244,252,-1,-2,0,-2,2,3,3,3,1
112,244,254,-1,-2,3,-2,2,3,3,3,1
112,250,250,-1,3,3,-2,-2,0,3,3,1
112,250,252,-1,3,0,-2,-2,3,3,3,1
112,250,254,-1,3,3,-2,-2,3,3,3,1
112,252,252,-1,0,0,-2,3,3,3,3,1
112,252,254,-1,0,3,-2,3,3,3,3,1
112,254,254,-1,3,3,-2,3,3,3,3,1
142,142,142,3,3,3,2,3,3,-3,-3,-3
142,142,170,3,3,3,2,3,0,-3,-3,-2
142,142,174,3,3,3,2,3,2,-3,-3,-2
142,142,178,3,3,3,2,3,-3,-3,-3,1
142,142,186,3,3,3,2,3,-1,-3,-3,1
142,142,204,3,3,0,2,3,3,-3,-3,-2
142,142,206,3,3,2,2,3,3,-3,-3,-2
142,142,212,3,3,-3,2,3,3,-3,-3,1
142,142,220,3,3,-1,2,3,3,-3,-3,1
142,142,238,3,3,3,2,3,3,-3,-3,-2
142,142,240,3,3,0,2,3,0,-3,-3,1
142,142,242,3,3,2,2,3,-2,-3,-3,3
142,142,244,3,3,-2,2,3,2,-3,-3,3
142,142,250,3,3,3,2,3,0,-3,-3,1
142,142,252,3,3,0,2,3,3,-3,-3,1
142,142,254,3,3,3,2,3,3,-3,-3,1
142,170,170,3,3,3,2,-2,0,-3,0,-2
142,170,174,3,3,3,2,-2,2,-3,0,-2
142,170,178,3,3,3,2,-2,-3,-3,0,1
142,170,186,3,3,3,2,-2,-1,-3,0,1
142,170,204,3,3,0,2,-2,3,-3,0,-2
142,170,206,3,3,2,2,-2,3,-3,0,-2
142,170,212,3,3,-3,2,-2,3,-3,0,1
142,170,220,3,3,-1,2,-2,3,-3,0,1
142,170,238,3,3,3,2,-2,3,-3,0,-2
142,170,240,3,3,0,2,-2,0,-3,0,1
142,170,242,3,3,2,2,-2,-2,-3,0,3
142,170,244,3,3,-2,2,-2,2,-3,0,3
142,170,250,3,3,3,2,-2,0,-3,0,1
142,170,252,3,3,0,2,-2,3,-3,0,1
142,170,254,3,3,3,2,-2,3,-3,0,1
142,174,174,3,3,3,2,2,2,-3,-2,-2
142,174,178,3,3,3,2,2,-3,-3,-2,1
142,174,186,3,3,3,2,2,-1,-3,-2,1
142,174,204,3,3,0,2,2,3,-3,-2,-2
142,174,206,3,3,2,2,2,3,-3,-2,-2
142,174,212,3,3,-3,2,2,3,-3,-2,1
142,174,220,3,3,-1,2,2,3,-3,-2,1
142,174,238,3,3,3,2,2,3,-3,-2,-2
142,174,240,3,3,0,2,2,0,-3,-2,1
142,174,242,3,3,2,2,2,-2,-3,-2,3
142,174,244,3,3,-2,2,2,2,-3,-2,3
142,174,250,3,3,3,2,2,0,-3,-2,1
142,174,252,3,3,0,2,2,3,-3,-2,1
142,174,254,3,3,3,2,2,3,-3,-2,1
142,178,178,3,3,3,2,-3,-3,-3,3,1
142,178,186,3,3,3,2,-3,-1,-3,3,1
142,178,204,3,3,0,2,-3,3,-3,3,-2
142,178,206,3,3,2,2,-3,3,-3,3,-2
142,178,212,3,3,-3,2,-3,3,-3,3,1
142,178,220,3,3,-1,2,-3,3,-3,3,1
142,178,238,3,3,3,2,-3,3,-3,3,-2
142,178,240,3,3,0,2,-3,0,-3,3,1
142,178,242,3,3,2,2,-3,-2,-3,3,3
142,178,244,3,3,-2,2,-3,2,-3,3,3
142,178,250,3,3,3,2,-3,0,-3,3,1
142,178,252,3,3,0,2,-3,3,-3,3,1
142,178,254,3,3,3,2,-3,3,-3,3,1
142,186,186,3,3,3,2,-2,-1,-3,2,1
142,186,204,3,3,0,2,-2,3,-3,2,-2
142,186,206,3,3,2,2,-2,3,-3,2,-2
142,186,212,3,3,-3,2,-2,3,-3,2,1
142,186,220,3,3,-1,2,-2,3,-3,2,1
142,186,238,3,3,3,2,-2,3,-3,2,-2
142,186,240,3,3,0,2,-2,0,-3,2,1
142,186,242,3,3,2,2,-2,-2,-3,2,3
142,186,244,3,3,-2,2,-2,2,-3,2,3
142,186,250,3,3,3,2,-2,0,-3,2,1
142,186,252,3,3,0,2,-2,3,-3,2,1
142,186,254,3,3,3,2,-2,3,-3,2,1
142,204,204,3,0,0,2,3,3,-3,-2,-2
142,204,206,3,0,2,2,3,3,-3,-2,-2
142,204,212,3,0,-3,2,3,3,-3,-2,1
142,204,220,3,0,-1,2,3,3,-3,-2,1
142,204,238,3,0,3,2,3,3,-3,-2,-2
142,204,240,3,0,0,2,3,0,-3,-2,1
142,204,242,3,0,2,2,3,-2,-3,-2,3
142,204,244,3,0,-2,2,3,2,-3,-2,3
142,204,250,3,0,3,2,3,0,-3,-2,1
142,204,252,3,0,0,2,3,3,-3,-2,1
142,204,254,3,0,3,2,3,3,-3,-2,1
142,206,206,3,2,2,2,3,3,-3,-2,-2
142,206,212,3,2,-3,2,3,3,-3,-2,1
142,206,220,3,2,-1,2,3,3,-3,-2,1
142,206,238,3,2,3,2,3,3,-3,-2,-2
142,206,240,3,2,0,2,3,0,-3,-2,1
142,206,242,3,2,2,2,3,-2,-3,-2,3
142,206,244,3,2,-2,2,3,2,-3,-2,3
142,206,250,3,2,3,2,3,0,-3,-2,1
142,206,252,3,2,0,2,3,3,-3,-2,1
142,206,254,3,2,3,2,3,3,-3,-2,1
142,212,212,3,-3,-3,2,3,3,-3,3,1
142,212,220,3,-3,-1,2,3,3,-3,3,1
142,212,238,3,-3,3,2,3,3,-3,3,-2
142,212,240,3,-3,0,2,3,0,-3,3,1
142,212,242,3,-3,2,2,3,-2,-3,3,3
142,212,244,3,-3,-2,2,3,2,-3,3,3
142,212,250,3,-3,3,2,3,0,-3,3,1
142,212,252,3,-3,0,2,3,3,-3,3,1
142,212,254,3,-3,3,2,3,3,-3,3,1
142,220,220,3,-2,-1,2,3,3,-3,2,1
142,220,238,3,-2,3,2,3,3,-3,2,-2
142,220,240,3,-2,0,2,3,0,-3,2,1
142,220,242,3,-2,2,2,3,-2,-3,2,3
142,220,244,3,-2,-2,2,3,2,-3,2,3
142,220,250,3,-2,3,2,3,0,-3,2,1
142,220,252,3,-2,0,2,3,3,-3,2,1
142,220,254,3,-2,3,2,3,3,-3,2,1
142,238,238,3,3,3,2,3,3,-3,-2,-2
142,238,240,3,3,0,2,3,0,-3,0,1
142,238,242,3,3,2,2,3,-2,-3,-2,3
142,238,244,3,3,-2,2,3,2,-3,-2,3
142,238,250,3,3,3,2,3,0,-3,-2,1
142,238,252,3,3,0,2,3,3,-3,-2,1
142,238,254,3,3,3,2,3,3,-3,-2,1
142,240,240,3,0,0,2,-2,0,-3,3,1
142,240,242,3,0,2,2,-2,-2,-3,3,3
142,240,244,3,0,-2,2,-2,2,-3,3,3
142,240,250,3,0,3,2,-2,0,-3,3,1
142,240,252,3,0,0,2,-2,3,-3,3,1
142,240,254,3,0,3,2,-2,3,-3,3,1
142,242,242,3,2,2,2,-2,-2,-3,3,3
142,242,244,3,2,-2,2,-2,2,-3,3,3
142,242,250,3,2,3,2,-2,0,-3,3,1
142,242,252,3,2,0,2,-2,3,-3,3,1
142,242,254,3,2,3,2,-2,3,-3,3,1
142,244,244,3,-2,-2,2,2,2,-3,3,3
142,244,250,3,-2,3,2,2,0,-3,3,1
142,244,252,3,-2,0,2,2,3,-3,3,1
142,244,254,3,-2,3,2,2,3,-3,3,1
142,250,250,3,3,3,2,-2,0,-3,3,1
142,250,252,3,3,0,2,-2,3,-3,3,1
142,250,254,3,3,3,2,-2,3,-3,3,1
142,252,252,3,0,0,2,3,3,-3,3,1
142,252,254,3,0,3,2,3,3,-3,3,1
142,254,254,3,3,3,2,3,3,-3,3,1
170,170,170,3,3,3,-1,-2,0,-1,0,-2
170,170,174,3,3,3,-1,-2,2,-1,0,-2
170,170,178,3,3,3,-1,-2,-3,-1,0,1
170,170,186,3,3,3,-1,-2,-1,-1,0,1
170,170,204,3,3,0,-1,-2,3,-1,0,-2
170,170,206,3,3,2,-1,-2,3,-1,0,-2
170,170,212,3,3,-3,-1,-2,3,-1,0,1
170,170,220,3,3,-1,-1,-2,3,-1,0,1
170,170,238,3,3,3,-1,-2,3,-1,0,-2
170,170,240,3,3,0,-1,-2,0,-1,0,1
170,170,242,3,3,2,-1,-2,-2,-1,0,3
170,170,244,3,3,-2,-1,-2,2,-1,0,3
170,170,250,3,3,3,-1,-2,0,-1,0,1
170,170,252,3,3,0,-1,-2,3,-1,0,1
170,170,254,3,3,3,-1,-2,3,-1,0,1
170,174,174,3,3,3,-1,2,2,-1,-2,-2
170,174,178,3,3,3,-1,2,-3,-1,-2,1
170,174,186,3,3,3,-1,2,-1,-1,-2,1
170,174,204,3,3,0,-1,2,3,-1,-2,-2
170,174,206,3,3,2,-1,2,3,-1,-2,-2
170,174,212,3,3,-3,-1,2,3,-1,-2,1
170,174,220,3,3,-1,-1,2,3,-1,-2,1
170,174,238,3,3,3,-1,2,3,-1,-2,-2
170,174,240,3,3,0,-1,2,0,-1,-2,1
170,174,242,3,3,2,-1,2,-2,-1,-2,3
170,174,244,3,3,-2,-1,2,2,-1,-2,3
170,174,250,3,3,3,-1,2,0,-1,-2,1
170,174,252,3,3,0,-1,2,3,-1,-2,1
170,174,254,3,3,3,-1,2,3,-1,-2,1
170,178,178,3,3,3,-1,-3,-3,-1,3,1
170,178,186,3,3,3,-1,-3,-1,-1,3,1
170,178,204,3,3,0,-1,-3,3,-1,3,-2
170,178,206,3,3,2,-1,-3,3,-1,3,-2
170,178,212,3,3,-3,-1,-3,3,-1,3,1
170,178,220,3,3,-1,-1,-3,3,-1,3,1
170,178,238,3,3,3,-1,-3,3,-1,3,-2
170,178,240,3,3,0,-1,-3,0,-1,3,1
170,178,242,3,3,2,-1,-3,-2,-1,3,3
170,178,244,3,3,-2,-1,-3,2,-1,3,3
170,178,250,3,3,3,-1,-3,0,-1,3,1
170,178,252,3,3,0,-1,-3,3,-1,3,1
170,178,254,3,3,3,-1,-3,3,-1,3,1
170,186,186,3,3,3,-1,-2,-1,-1,2,1
170,186,204,3,3,0,-1,-2,3,-1,2,-2
170,186,206,3,3,2,-1,-2,3,-1,2,-2
170,186,212,3,3,-3,-1,-2,3,-1,2,1
170,186,220,3,3,-1,-1,-2,3,-1,2,1
170,186,238,3,3,3,-1,-2,3,-1,2,-2
170,186,240,3,3,0,-1,-2,0,-1,2,1
170,186,242,3,3,2,-1,-2,-2,-1,2,3
170,186,244,3,3,-2,-1,-2,2,-1,2,3
170,186,250,3,3,3,-1,-2,0,-1,2,1
170,186,252,3,3,0,-1,-2,3,-1,2,1
170,186,254,3,3,3,-1,-2,3,-1,2,1
170,204,204,3,0,0,-1,3,3,-1,0,-2
170,204,206,3,0,2,-1,3,3,-1,-2,-2
170,204,212,3,0,-3,-1,3,3,-1,0,1
170,204,220,3,0,-1,-1,3,3,-1,0,1
170,204,238,3,0,3,-1,3,3,-1,-2,-2
170,204,240,3,0,0,-1,3,0,-1,0,1
170,204,242,3,0,2,-1,3,-2,-1,0,3
170,204,244,3,0,-2,-1,3,2,-1,0,3
170,204,250,3,0,3,-1,3,0,-1,0,1
170,204,252,3,0,0,-1,3,3,-1,0,1
170,204,254,3,0,3,-1,3,3,-1,-2,1
170,206,206,3,2,2,-1,3,3,-1,-2,-2
170,206,212,3,2,-3,-1,3,3,-1,-2,1
170,206,220,3,2,-1,-1,3,3,-1,-2,1
170,206,238,3,2,3,-1,3,3,-1,-2,-2
170,206,240,3,2,0,-1,3,0,-1,-2,1
170,206,242,3,2,2,-1,3,-2,-1,-2,3
170,206,244,3,2,-2,-1,3,2,-1,-2,3
170,206,250,3,2,3,-1,3,0,-1,-2,1
170,206,252,3,2,0,-1,3,3,-1,-2,1
170,206,254,3,2,3,-1,3,3,-1,-2,1
170,212,212,3,-3,-3,-1,2,3,-1,3,1
170,212,220,3,-3,-1,-1,2,3,-1,3,1
170,212,238,3,-3,3,-1,2,3,-1,3,-2
170,212,240,3,-3,0,-1,2,0,-1,3,1
170,212,242,3,-3,2,-1,2,-2,-1,3,3
170,212,244,3,-3,-2,-1,2,2,-1,3,3
170,212,250,3,-3,3,-1,2,0,-1,3,1
170,212,252,3,-3,0,-1,2,3,-1,3,1
170,212,254,3,-3,3,-1,2,3,-1,3,1
170,220,220,3,-1,-1,-1,2,3,-1,1,1
170,220,238,3,-1,3,-1,2,3,-1,1,-2
170,220,240,3,-1,0,-1,2,0,-1,1,1
170,220,242,3,-1,2,-1,2,-2,-1,1,3
170,220,244,3,-1,-2,-1,2,2,-1,1,3
170,220,250,3,-1,3,-1,2,0,-1,1,1
170,220,252,3,-1,0,-1,2,3,-1,1,1
170,220,254,3,-1,3,-1,2,3,-1,1,1
170,238,238,3,3,3,-1,3,3,-1,-2,-2
170,238,240,3,3,0,-1,3,0,-1,0,1
170,238,242,3,3,2,-1,3,-2,-1,0,3
170,238,244,3,3,-2,-1,3,2,-1,0,3
170,238,250,3,3,3,-1,3,0,-1,0,1
170,238,252,3,3,0,-1,3,3,-1,0,1
170,238,254,3,3,3,-1,3,3,-1,-2,1
170,240,240,3,0,0,-1,-2,0,-1,3,1
170,240,242,3,0,2,-1,-2,-2,-1,3,3
170,240,244,3,0,-2,-1,-2,2,-1,3,3
170,240,250,3,0,3,-1,-2,0,-1,3,1
170,240,252,3,0,0,-1,-2,3,-1,3,1
170,240,254,3,0,3,-1,-2,3,-1,3,1
170,242,242,3,2,2,-1,-2,-2,-1,3,3
170,242,244,3,2,-2,-1,-2,2,-1,3,3
170,242,250,3,2,3,-1,-2,0,-1,3,1
170,242,252,3,2,0,-1,-2,3,-1,3,1
170,242,254,3,2,3,-1,-2,3,-1,3,1
170,244,244,3,-2,-2,-1,2,2,-1,3,3
170,244,250,3,-2,3,-1,2,0,-1,3,1
170,244,252,3,-2,0,-1,2,3,-1,3,1
170,244,254,3,-2,3,-1,2,3,-1,3,1
170,250,250,3,3,3,-1,-2,0,-1,3,1
170,250,252,3,3,0,-1,-2,3,-1,3,1
170,250,254,3,3,3,-1,-2,3,-1,3,1
170,252,252,3,-1,0,-1,2,3,-1,3,1
170,252,254,3,-1,3,-1,2,3,-1,3,1
170,254,254,3,3,3,-1,3,3,-1,3,1
174,174,174,3,3,3,2,2,2,-2,-2,-2
174,174,178,3,3,3,2,2,-3,-2,-2,1
174,174,186,3,3,3,2,2,-1,-2,-2,1
174,174,204,3,3,0,2,2,3,-2,-2,-2
174,174,206,3,3,2,2,2,3,-2,-2,-2
174,174,212,3,3,-3,2,2,3,-2,-2,1
174,174,220,3,3,-1,2,2,3,-2,-2,1
174,174,238,3,3,3,2,2,3,-2,-2,-2
174,174,240,3,3,0,2,2,0,-2,-2,1
174,174,242,3,3,2,2,2,-2,-2,-2,3
174,174,244,3,3,-2,2,2,2,-2,-2,3
174,174,250,3,3,3,2,2,0,-2,-2,1
174,174,252,3,3,0,2,2,3,-2,-2,1
174,174,254,3,3,3,2,2,3,-2,-2,1
174,178,178,3,3,3,2,-3,-3,-2,3,1
174,178,186,3,3,3,2,-3,-1,-2,3,1
174,178,204,3,3,0,2,-3,3,-2,3,-2
174,178,206,3,3,2,2,-3,3,-2,3,-2
174,178,212,3,3,-3,2,-3,3,-2,3,1
174,178,220,3,3,-1,2,-3,3,-2,3,1
174,178,238,3,3,3,2,-3,3,-2,3,-2
174,178,240,3,3,0,2,-3,0,-2,3,1
174,178,242,3,3,2,2,-3,-2,-2,3,3
174,178,244,3,3,-2,2,-3,2,-2,3,3
174,178,250,3,3,3,2,-3,0,-2,3,1
174,178,252,3,3,0,2,-3,3,-2,3,1
174,178,254,3,3,3,2,-3,3,-2,3,1
174,186,186,3,3,3,2,-2,-1,-2,2,1
174,186,204,3,3,0,2,-2,3,-2,2,-2
174,186,206,3,3,2,2,-2,3,-2,2,-2
174,186,212,3,3,-3,2,-2,3,-2,2,1
174,186,220,3,3,-1,2,-2,3,-2,2,1
174,186,238,3,3,3,2,-2,3,-2,2,-2
174,186,240,3,3,0,2,-2,0,-2,2,1
174,186,242,3,3,2,2,-2,-2,-2,2,3
174,186,244,3,3,-2,2,-2,2,-2,2,3
174,186,250,3,3,3,2,-2,0,-2,2,1
174,186,252,3,3,0,2,-2,3,-2,2,1
174,186,254,3,3,3,2,-2,3,-2,2,1
174,204,204,3,0,0,2,3,3,-2,0,-2
174,204,206,3,0,2,2,3,3,-2,-2,-2
174,204,212,3,0,-3,2,3,3,-2,0,1
174,204,220,3,0,-1,2,3,3,-2,0,1
174,204,238,3,0,3,2,3,3,-2,-2,-2
174,204,240,3,0,0,2,3,0,-2,0,1
174,204,242,3,0,2,2,3,-2,-2,0,3
174,204,244,3,0,-2,2,3,2,-2,0,3
174,204,250,3,0,3,2,3,0,-2,0,1
174,204,252,3,0,0,2,3,3,-2,0,1
174,204,254,3,0,3,2,3,3,-2,-2,1
174,206,206,3,2,2,2,3,3,-2,-2,-2
174,206,212,3,2,-3,2,3,3,-2,-2,1
174,206,220,3,2,-1,2,3,3,-2,-2,1
174,206,238,3,2,3,2,3,3,-2,-2,-2
174,206,240,3,2,0,2,3,0,-2,-2,1
174,206,242,3,2,2,2,3,-2,-2,-2,3
174,206,244,3,2,-2,2,3,2,-2,-2,3
174,206,250,3,2,3,2,3,0,-2,-2,1
174,206,252,3,2,0,2,3,3,-2,-2,1
174,206,254,3,2,3,2,3,3,-2,-2,1
174,212,212,3,-3,-3,2,3,3,-2,3,1
174,212,220,3,-3,-1,2,3,3,-2,3,1
174,212,238,3,-3,3,2,3,3,-2,3,-2
174,212,240,3,-3,0,2,3,0,-2,3,1
174,212,242,3,-3,2,2,3,-2,-2,3,3
174,212,244,3,-3,-2,2,3,2,-2,3,3
174,212,250,3,-3,3,2,3,0,-2,3,1
174,212,252,3,-3,0,2,3,3,-2,3,1
174,212,254,3,-3,3,2,3,3,-2,3,1
174,220,220,3,-2,-1,2,3,3,-2,2,1
174,220,238,3,-2,3,2,3,3,-2,2,-2
174,220,240,3,-2,0,2,3,0,-2,2,1
174,220,242,3,-2,2,2,3,-2,-2,2,3
174,220,244,3,-2,-2,2,3,2,-2,2,3
174,220,250,3,-2,3,2,3,0,-2,2,1
174,220,252,3,-2,0,2,3,3,-2,2,1
174,220,254,3,-2,3,2,3,3,-2,2,1
174,238,238,3,3,3,2,3,3,-2,-2,-2
174,238,240,3,3,0,2,3,0,-2,0,1
174,238,242,3,3,2,2,3,-2,-2,0,3
174,238,244,3,3,-2,2,3,2,-2,0,3
174,238,250,3,3,3,2,3,0,-2,0,1
174,238,252,3,3,0,2,3,3,-2,0,1
174,238,254,3,3,3,2,3,3,-2,-2,1
174,240,240,3,0,0,2,-2,0,-2,3,1
174,240,242,3,0,2,2,-2,-2,-2,3,3
174,240,244,3,0,-2,2,-2,2,-2,3,3
174,240,250,3,0,3,2,-2,0,-2,3,1
174,240,252,3,0,0,2,-2,3,-2,3,1
174,240,254,3,0,3,2,-2,3,-2,3,1
174,242,242,3,2,2,2,-2,-2,-2,3,3
174,242,244,3,2,-2,2,-2,2,-2,3,3
174,242,250,3,2,3,2,-2,0,-2,3,1
174,242,252,3,2,0,2,-2,3,-2,3,1
174,242,254,3,2,3,2,-2,3,-2,3,1
174,244,244,3,-2,-2,2,2,2,-2,3,3
174,244,250,3,-2,3,2,2,0,-2,3,1
174,244,252,3,-2,0,2,2,3,-2,3,1
174,244,254,3,-2,3,2,2,3,-2,3,1
174,250,250,3,3,3,2,-2,0,-2,3,1
174,250,252,3,3,0,2,-2,3,-2,3,1
174,250,254,3,3,3,2,-2,3,-2,3,1
174,252,252,3,0,0,2,3,3,-2,3,1
174,252,254,3,0,3,2,3,3,-2,3,1
174,254,254,3,3,3,2,3,3,-2,3,1
178,178,178,1,3,3,-3,-3,-3,3,3,1
178,178,186,1,3,3,-3,-3,-1,3,3,1
178,178,204,1,3,0,-3,-3,3,3,3,-2
178,178,206,1,3,2,-3,-3,3,3,3,-2
178,178,212,1,3,-3,-3,-3,3,3,3,1
178,178,220,1,3,-1,-3,-3,3,3,3,1
178,178,238,1,3,3,-3,-3,3,3,3,-2
178,178,240,1,3,0,-3,-3,0,3,3,1
178,178,242,1,3,2,-3,-3,-2,3,3,3
178,178,244,1,3,-2,-3,-3,2,3,3,3
178,178,250,1,3,3,-3,-3,0,3,3,1
178,178,252,1,3,0,-3,-3,3,3,3,1
178,178,254,1,3,3,-3,-3,3,3,3,1
178,186,186,1,3,3,-3,-2,-1,3,2,1
178,186,204,1,3,0,-3,-2,3,3,2,-2
178,186,206,1,3,2,-3,-2,3,3,2,-2
178,186,212,1,3,-3,-3,-2,3,3,2,1
178,186,220,1,3,-1,-3,-2,3,3,2,1
178,186,238,1,3,3,-3,-2,3,3,2,-2
178,186,240,1,3,0,-3,-2,0,3,2,1
178,186,242,1,3,2,-3,-2,-2,3,2,3
178,186,244,1,3,-2,-3,-2,2,3,2,3
178,186,250,1,3,3,-3,-2,0,3,2,1
178,186,252,1,3,0,-3,-2,3,3,2,1
178,186,254,1,3,3,-3,-2,3,3,2,1
178,204,204,1,0,0,-3,3,3,3,-2,-2
178,204,206,1,0,2,-3,3,3,3,-2,-2
178,204,212,1,0,-3,-3,3,3,3,-2,1
178,204,220,1,0,-1,-3,3,3,3,-2,1
178,204,238,1,0,3,-3,3,3,3,-2,-2
178,204,240,1,0,0,-3,3,0,3,-2,1
178,204,242,1,0,2,-3,3,-2,3,0,3
178,204,244,1,0,-2,-3,3,2,3,-2,3
178,204,250,1,0,3,-3,3,0,3,0,1
178,204,252,1,0,0,-3,3,3,3,-2,1
178,204,254,1,0,3,-3,3,3,3,-2,1
178,206,206,1,2,2,-3,3,3,3,-2,-2
178,206,212,1,2,-3,-3,3,3,3,-2,1
178,206,220,1,2,-1,-3,3,3,3,-2,1
178,206,238,1,2,3,-3,3,3,3,-2,-2
178,206,240,1,2,0,-3,3,0,3,-2,1
178,206,242,1,2,2,-3,3,-2,3,-2,3
178,206,244,1,2,-2,-3,3,2,3,-2,3
178,206,250,1,2,3,-3,3,0,3,-2,1
178,206,252,1,2,0,-3,3,3,3,-2,1
178,206,254,1,2,3,-3,3,3,3,-2,1
178,212,212,1,-3,-3,-3,3,3,3,3,1
178,212,220,1,-3,-1,-3,3,3,3,3,1
178,212,238,1,-3,3,-3,3,3,3,3,-2
178,212,240,1,-3,0,-3,3,0,3,3,1
178,212,242,1,-3,2,-3,3,-2,3,3,3
178,212,244,1,-3,-2,-3,3,2,3,3,3
178,212,250,1,-3,3,-3,3,0,3,3,1
178,212,252,1,-3,0,-3,3,3,3,3,1
178,212,254,1,-3,3,-3,3,3,3,3,1
178,220,220,1,-2,-1,-3,3,3,3,2,1
178,220,238,1,-2,3,-3,3,3,3,2,-2
178,220,240,1,-2,0,-3,3,0,3,2,1
178,220,242,1,-2,2,-3,3,-2,3,2,3
178,220,244,1,-2,-2,-3,3,2,3,2,3
178,220,250,1,-2,3,-3,3,0,3,2,1
178,220,252,1,-2,0,-3,3,3,3,2,1
178,220,254,1,-2,3,-3,3,3,3,2,1
178,238,238,1,3,3,-3,3,3,3,-2,-2
178,238,240,1,3,0,-3,3,0,3,0,1
178,238,242,1,3,2,-3,3,-2,3,0,3
178,238,244,1,3,-2,-3,3,2,3,-2,3
178,238,250,1,3,3,-3,3,0,3,0,1
178,238,252,1,3,0,-3,3,3,3,-2,1
178,238,254,1,3,3,-3,3,3,3,-2,1
178,240,240,1,0,0,-3,-2,0,3,3,1
178,240,242,1,0,2,-3,-2,-2,3,3,3
178,240,244,1,0,-2,-3,-2,2,3,3,3
178,240,250,1,0,3,-3,-2,0,3,3,1
178,240,252,1,0,0,-3,-2,3,3,3,1
178,240,254,1,0,3,-3,-2,3,3,3,1
178,242,242,1,2,2,-3,-2,-2,3,3,3
178,242,244,1,2,-2,-3,-2,2,3,3,3
178,242,250,1,2,3,-3,-2,0,3,3,1
178,242,252,1,2,0,-3,-2,3,3,3,1
178,242,254,1,2,3,-3,-2,3,3,3,1
178,244,244,1,-2,-2,-3,2,2,3,3,3
178,244,250,1,-2,3,-3,2,0,3,3,1
178,244,252,1,-2,0,-3,2,3,3,3,1
178,244,254,1,-2,3,-3,2,3,3,3,1
178,250,250,1,3,3,-3,-2,0,3,3,1
178,250,252,1,3,0,-3,-2,3,3,3,1
178,250,254,1,3,3,-3,-2,3,3,3,1
178,252,252,1,0,0,-3,3,3,3,3,1
178,252,254,1,0,3,-3,3,3,3,3,1
178,254,254,1,3,3,-3,3,3,3,3,1
186,186,186,3,3,3,-2,-2,-2,2,2,1
186,186,204,3,3,0,-2,-2,3,2,2,-2
186,186,206,3,3,2,-2,-2,3,2,2,-2
186,186,212,3,3,-3,-2,-2,3,2,2,1
186,186,220,3,3,-1,-2,-2,3,2,2,1
186,186,238,3,3,3,-2,-2,3,2,2,-2
186,186,240,3,3,0,-2,-2,0,2,2,1
186,186,242,3,3,2,-2,-2,-2,2,2,3
186,186,244,3,3,-2,-2,-2,2,2,2,3
186,186,250,3,3,3,-2,-2,0,2,2,1
186,186,252,3,3,0,-2,-2,3,2,2,1
186,186,254,3,3,3,-2,-2,3,2,2,1
186,204,204,3,0,0,-2,3,3,2,0,-2
186,204,206,3,0,2,-2,3,3,2,-2,-2
186,204,212,3,0,-3,-2,3,3,2,0,1
186,204,220,3,0,-1,-2,3,3,2,0,1
186,204,238,3,0,3,-2,3,3,2,-2,-2
186,204,240,3,0,0,-2,3,0,2,0,1
186,204,242,3,0,2,-2,3,-2,2,0,3
186,204,244,3,0,-2,-2,3,2,2,0,3
186,204,250,3,0,3,-2,3,0,2,0,1
186,204,252,3,0,0,-2,3,3,2,0,1
186,204,254,3,0,3,-2,3,3,2,-2,1
186,206,206,3,2,2,-2,3,3,2,-2,-2
186,206,212,3,2,-3,-2,3,3,2,-2,1
186,206,220,3,2,-1,-2,3,3,2,-2,1
186,206,238,3,2,3,-2,3,3,2,-2,-2
186,206,240,3,2,0,-2,3,0,2,-2,1
186,206,242,3,2,2,-2,3,-2,2,-2,3
186,206,244,3,2,-2,-2,3,2,2,-2,3
186,206,250,3,2,3,-2,3,0,2,-2,1
186,206,252,3,2,0,-2,3,3,2,-2,1
186,206,254,3,2,3,-2,3,3,2,-2,1
186,212,212,3,-3,-3,-2,2,3,2,3,1
186,212,220,3,-3,-1,-2,2,3,2,3,1
186,212,238,3,-3,3,-2,2,3,2,3,-2
186,212,240,3,-3,0,-2,2,0,2,3,1
186,212,242,3,-3,2,-2,2,-2,2,3,3
186,212,244,3,-3,-2,-2,2,2,2,3,3
186,212,250,3,-3,3,-2,2,0,2,3,1
186,212,252,3,-3,0,-2,2,3,2,3,1
186,212,254,3,-3,3,-2,2,3,2,3,1
186,220,220,3,-1,-1,-2,2,3,2,1,1
186,220,238,3,-1,3,-2,2,3,2,1,-2
186,220,240,3,-1,0,-2,2,0,2,1,1
186,220,242,3,-1,2,-2,2,-2,2,1,3
186,220,244,3,-1,-2,-2,2,2,2,1,3
186,220,250,3,-1,3,-2,2,0,2,1,1
186,220,252,3,-1,0,-2,2,3,2,1,1
186,220,254,3,-1,3,-2,2,3,2,1,1
186,238,238,3,3,3,-2,3,3,2,-2,-2
186,238,240,3,3,0,-2,3,0,2,0,1
186,238,242,3,3,2,-2,3,-2,2,0,3
186,238,244,3,3,-2,-2,3,2,2,0,3
186,238,250,3,3,3,-2,3,0,2,0,1
186,238,252,3,3,0,-2,3,3,2,0,1
186,238,254,3,3,3,-2,3,3,2,-2,1
186,240,240,3,0,0,-2,-2,0,2,3,1
186,240,242,3,0,2,-2,-2,-2,2,3,3
186,240,244,3,0,-2,-2,-2,2,2,3,3
186,240,250,3,0,3,-2,-2,0,2,3,1
186,240,252,3,0,0,-2,-2,3,2,3,1
186,240,254,3,0,3,-2,-2,3,2,3,1
186,242,242,3,2,2,-2,-2,-2,2,3,3
186,242,244,3,2,-2,-2,-2,2,2,3,3
186,242,250,3,2,3,-2,-2,0,2,3,1
186,242,252,3,2,0,-2,-2,3,2,3,1
186,242,254,3,2,3,-2,-2,3,2,3,1
186,244,244,3,-2,-2,-2,2,2,2,3,3
186,244,250,3,-2,3,-2,2,0,2,3,1
186,244,252,3,-2,0,-2,2,3,2,3,1
186,244,254,3,-2,3,-2,2,3,2,3,1
186,250,250,3,3,3,-2,-2,0,2,3,1
186,250,252,3,3,0,-2,-2,3,2,3,1
186,250,254,3,3,3,-2,-2,3,2,3,1
186,252,252,3,-1,0,-2,2,3,2,3,1
186,252,254,3,-1,3,-2,2,3,2,3,1
186,254,254,3,3,3,-2,3,3,2,3,1
204,204,204,0,0,0,2,3,3,-1,-2,-2
204,204,206,0,0,2,2,3,3,-1,-2,-2
204,204,212,0,0,-3,2,3,3,-1,-2,1
204,204,220,0,0,-1,2,3,3,-1,-2,1
204,204,238,0,0,3,2,3,3,-1,-2,-2
204,204,240,0,0,0,2,3,0,-1,0,1
204,204,242,0,0,2,2,3,-2,-1,0,3
204,204,244,0,0,-2,2,3,2,-1,-2,3
204,204,250,0,0,3,2,3,0,-1,0,1
204,204,252,0,0,0,2,3,3,-1,-2,1
204,204,254,0,0,3,2,3,3,-1,-2,1
204,206,206,0,2,2,2,3,3,-1,-2,-2
204,206,212,0,2,-3,2,3,3,-1,-2,1
204,206,220,0,2,-1,2,3,3,-1,-2,1
204,206,238,0,2,3,2,3,3,-1,-2,-2
204,206,240,0,2,0,2,3,0,-1,-2,1
204,206,242,0,2,2,2,3,-2,-1,-2,3
204,206,244,0,2,-2,2,3,2,-1,-2,3
204,206,250,0,2,3,2,3,0,-1,-2,1
204,206,252,0,2,0,2,3,3,-1,-2,1
204,206,254,0,2,3,2,3,3,-1,-2,1
204,212,212,0,-3,-3,2,2,3,-1,3,1
204,212,220,0,-3,-1,2,2,3,-1,3,1
204,212,238,0,-3,3,2,2,3,-1,3,-2
204,212,240,0,-3,0,2,2,0,-1,3,1
204,212,242,0,-3,2,2,2,-2,-1,3,3
204,212,244,0,-3,-2,2,2,2,-1,3,3
204,212,250,0,-3,3,2,2,0,-1,3,1
204,212,252,0,-3,0,2,2,3,-1,3,1
204,212,254,0,-3,3,2,2,3,-1,3,1
204,220,220,0,-1,-1,2,2,3,-1,1,1
204,220,238,0,-1,3,2,2,3,-1,1,-2
204,220,240,0,-1,0,2,2,0,-1,1,1
204,220,242,0,-1,2,2,2,-2,-1,1,3
204,220,244,0,-1,-2,2,2,2,-1,1,3
204,220,250,0,-1,3,2,2,0,-1,1,1
204,220,252,0,-1,0,2,2,3,-1,1,1
204,220,254,0,-1,3,2,2,3,-1,1,1
204,238,238,0,3,3,2,3,3,-1,-2,-2
204,238,240,0,3,0,2,3,0,-1,0,1
204,238,242,0,3,2,2,3,-2,-1,0,3
204,238,244,0,3,-2,2,3,2,-1,-2,3
204,238,250,0,3,3,2,3,0,-1,0,1
204,238,252,0,3,0,2,3,3,-1,-2,1
204,238,254,0,3,3,2,3,3,-1,-2,1
204,240,240,0,0,0,2,-2,0,-1,3,1
204,240,242,0,0,2,2,-2,-2,-1,3,3
204,240,244,0,0,-2,2,-2,2,-1,3,3
204,240,250,0,0,3,2,-2,0,-1,3,1
204,240,252,0,0,0,2,-2,3,-1,3,1
204,240,254,0,0,3,2,-2,3,-1,3,1
204,242,242,0,2,2,2,-2,-2,-1,3,3
204,242,244,0,2,-2,2,-2,2,-1,3,3
204,242,250,0,2,3,2,-2,0,-1,3,1
204,242,252,0,2,0,2,-2,3,-1,3,1
204,242,254,0,2,3,2,-2,3,-1,3,1
204,244,244,0,-2,-2,2,2,2,-1,3,3
204,244,250,0,-2,3,2,2,0,-1,3,1
204,244,252,0,-2,0,2,2,3,-1,3,1
204,244,254,0,-2,3,2,2,3,-1,3,1
204,250,250,0,3,3,2,-2,0,-1,3,1
204,250,252,0,3,0,2,-2,3,-1,3,1
204,250,254,0,3,3,2,-2,3,-1,3,1
204,252,252,0,-1,0,2,2,3,-1,3,1
204,252,254,0,-1,3,2,2,3,-1,3,1
204,254,254,0,3,3,2,3,3,-1,3,1
206,206,206,1,2,2,2,3,3,-1,-2,-2
206,206,212,1,2,-3,2,3,3,-1,-2,1
206,206,220,1,2,-1,2,3,3,-1,-2,1
206,206,238,1,2,3,2,3,3,-1,-2,-2
206,206,240,1,2,0,2,3,0,-1,-2,1
206,206,242,1,2,2,2,3,-2,-1,-2,3
206,206,244,1,2,-2,2,3,2,-1,-2,3
206,206,250,1,2,3,2,3,0,-1,-2,1
206,206,252,1,2,0,2,3,3,-1,-2,1
206,206,254,1,2,3,2,3,3,-1,-2,1
206,212,212,1,-3,-3,2,3,3,-1,3,1
206,212,220,1,-3,-1,2,3,3,-1,3,1
206,212,238,1,-3,3,2,3,3,-1,3,-2
206,212,240,1,-3,0,2,3,0,-1,3,1
206,212,242,1,-3,2,2,3,-2,-1,3,3
206,212,244,1,-3,-2,2,3,2,-1,3,3
206,212,250,1,-3,3,2,3,0,-1,3,1
206,212,252,1,-3,0,2,3,3,-1,3,1
206,212,254,1,-3,3,2,3,3,-1,3,1
206,220,220,1,-2,-1,2,3,3,-1,2,1
206,220,238,1,-2,3,2,3,3,-1,2,-2
206,220,240,1,-2,0,2,3,0,-1,2,1
206,220,242,1,-2,2,2,3,-2,-1,2,3
206,220,244,1,-2,-2,2,3,2,-1,2,3
206,220,250,1,-2,3,2,3,0,-1,2,1
206,220,252,1,-2,0,2,3,3,-1,2,1
206,220,254,1,-2,3,2,3,3,-1,2,1
206,238,238,1,3,3,2,3,3,-1,-2,-2
206,238,240,1,3,0,2,3,0,-1,0,1
206,238,242,1,3,2,2,3,-2,-1,0,3
206,238,244,1,3,-2,2,3,2,-1,0,3
206,238,250,1,3,3,2,3,0,-1,0,1
206,238,252,1,3,0,2,3,3,-1,0,1
206,238,254,1,3,3,2,3,3,-1,-2,1
206,240,240,1,0,0,2,-2,0,-1,3,1
206,240,242,1,0,2,2,-2,-2,-1,3,3
206,240,244,1,0,-2,2,-2,2,-1,3,3
206,240,250,1,0,3,2,-2,0,-1,3,1
206,240,252,1,0,0,2,-2,3,-1,3,1
206,240,254,1,0,3,2,-2,3,-1,3,1
206,242,242,1,2,2,2,-2,-2,-1,3,3
206,242,244,1,2,-2,2,-2,2,-1,3,3
206,242,250,1,2,3,2,-2,0,-1,3,1
206,242,252,1,2,0,2,-2,3,-1,3,1
206,242,254,1,2,3,2,-2,3,-1,3,1
206,244,244,1,-2,-2,2,2,2,-1,3,3
206,244,250,1,-2,3,2,2,0,-1,3,1
206,244,252,1,-2,0,2,2,3,-1,3,1
206,244,254,1,-2,3,2,2,3,-1,3,1
206,250,250,1,3,3,2,-2,0,-1,3,1
206,250,252,1,3,0,2,-2,3,-1,3,1
206,250,254,1,3,3,2,-2,3,-1,3,1
206,252,252,1,0,0,2,3,3,-1,3,1
206,252,254,1,0,3,2,3,3,-1,3,1
206,254,254,1,3,3,2,3,3,-1,3,1
212,212,212,-1,-3,-3,1,3,1,1,3,3
212,212,220,-1,-3,-1,1,3,3,1,3,1
212,212,238,-1,-3,3,1,3,3,1,3,-2
212,212,240,-1,-3,0,1,3,-2,1,3,3
212,212,242,-1,-3,1,1,3,-2,1,3,3
212,212,244,-1,-3,-2,1,3,1,1,3,3
212,212,250,-1,-3,3,1,3,0,1,3,1
212,212,252,-1,-3,0,1,3,3,1,3,1
212,212,254,-1,-3,3,1,3,3,1,3,1
212,220,220,-1,-2,-1,1,3,3,1,2,1
212,220,238,-1,-2,3,1,3,3,1,2,-2
212,220,240,-1,-2,0,1,3,-2,1,2,3
212,220,242,-1,-2,1,1,3,-2,1,2,3
212,220,244,-1,-2,-2,1,3,1,1,2,3
212,220,250,-1,-2,3,1,3,0,1,2,1
212,220,252,-1,-2,0,1,3,3,1,2,1
212,220,254,-1,-2,3,1,3,3,1,2,1
212,238,238,-1,3,3,1,3,3,1,-2,-2
212,238,240,-1,3,0,1,3,-2,1,-2,3
212,238,242,-1,3,1,1,3,-2,1,-2,3
212,238,244,-1,3,-2,1,3,1,1,-2,3
212,238,250,-1,3,3,1,3,0,1,-2,1
212,238,252,-1,3,0,1,3,3,1,-2,1
212,238,254,-1,3,3,1,3,3,1,-2,1
212,240,240,-1,-1,0,1,-1,-2,1,3,3
212,240,242,-1,-1,1,1,-1,-2,1,3,3
212,240,244,-1,-1,-2,1,-1,1,1,3,3
212,240,250,-1,-1,3,1,-1,0,1,3,1
212,240,252,-1,-1,0,1,-1,3,1,3,1
212,240,254,-1,-1,3,1,-1,3,1,3,1
212,242,242,-1,2,1,1,-2,-2,1,3,3
212,242,244,-1,2,-2,1,-2,1,1,3,3
212,242,250,-1,2,3,1,-2,0,1,3,1
212,242,252,-1,2,0,1,-2,3,1,3,1
212,242,254,-1,2,3,1,-2,3,1,3,1
212,244,244,-1,-2,-2,1,2,1,1,3,3
212,244,250,-1,-2,3,1,2,0,1,3,1
212,244,252,-1,-2,0,1,2,3,1,3,1
212,244,254,-1,-2,3,1,2,3,1,3,1
212,250,250,-1,3,3,1,-2,0,1,3,1
212,250,252,-1,3,0,1,-2,3,1,3,1
212,250,254,-1,3,3,1,-2,3,1,3,1
212,252,252,-1,-2,0,1,3,3,1,3,1
212,252,254,-1,-2,3,1,3,3,1,3,1
212,254,254,-1,3,3,1,3,3,1,3,1
220,220,220,-1,-1,-1,2,2,3,1,1,1
220,220,238,-1,-1,3,2,2,3,1,1,-2
220,220,240,-1,-1,0,2,2,0,1,1,1
220,220,242,-1,-1,2,2,2,-2,1,1,3
220,220,244,-1,-1,-2,2,2,2,1,1,3
220,220,250,-1,-1,3,2,2,0,1,1,1
220,220,252,-1,-1,0,2,2,3,1,1,1
220,220,254,-1,-1,3,2,2,3,1,1,1
220,238,238,-1,3,3,2,3,3,1,-2,-2
220,238,240,-1,3,0,2,3,0,1,0,1
220,238,242,-1,3,2,2,3,-2,1,0,3
220,238,244,-1,3,-2,2,3,2,1,-2,3
220,238,250,-1,3,3,2,3,0,1,0,1
220,238,252,-1,3,0,2,3,3,1,-2,1
220,238,254,-1,3,3,2,3,3,1,-2,1
220,240,240,-1,0,0,2,-2,0,1,3,1
220,240,242,-1,0,2,2,-2,-2,1,3,3
220,240,244,-1,0,-2,2,-2,2,1,3,3
220,240,250,-1,0,3,2,-2,0,1,3,1
220,240,252,-1,0,0,2,-2,3,1,3,1
220,240,254,-1,0,3,2,-2,3,1,3,1
220,242,242,-1,2,2,2,-2,-2,1,3,3
220,242,244,-1,2,-2,2,-2,2,1,3,3
220,242,250,-1,2,3,2,-2,0,1,3,1
220,242,252,-1,2,0,2,-2,3,1,3,1
220,242,254,-1,2,3,2,-2,3,1,3,1
220,244,244,-1,-2,-2,2,2,2,1,3,3
220,244,250,-1,-2,3,2,2,0,1,3,1
220,244,252,-1,-2,0,2,2,3,1,3,1
220,244,254,-1,-2,3,2,2,3,1,3,1
220,250,250,-1,3,3,2,-2,0,1,3,1
220,250,252,-1,3,0,2,-2,3,1,3,1
220,250,254,-1,3,3,2,-2,3,1,3,1
220,252,252,-1,-1,0,2,2,3,1,3,1
220,252,254,-1,-1,3,2,2,3,1,3,1
220,254,254,-1,3,3,2,3,3,1,3,1
238,238,238,3,3,3,2,3,3,-1,-2,-2
238,238,240,3,3,0,2,3,0,-1,-2,1
238,238,242,3,3,2,2,3,-2,-1,0,3
238,238,244,3,3,-2,2,3,2,-1,-2,3
238,238,250,3,3,3,2,3,0,-1,0,1
238,238,252,3,3,0,2,3,3,-1,-2,1
238,238,254,3,3,3,2,3,3,-1,-2,1
238,240,240,3,0,0,2,-2,0,-1,3,1
238,240,242,3,0,2,2,-2,-2,-1,3,3
238,240,244,3,0,-2,2,-2,2,-1,3,3
238,240,250,3,0,3,2,-2,0,-1,3,1
238,240,252,3,0,0,2,-2,3,-1,3,1
238,240,254,3,0,3,2,-2,3,-1,3,1
238,242,242,3,2,2,2,-2,-2,-1,3,3
238,242,244,3,2,-2,2,-2,2,-1,3,3
238,242,250,3,2,3,2,-2,0,-1,3,1
238,242,252,3,2,0,2,-2,3,-1,3,1
238,242,254,3,2,3,2,-2,3,-1,3,1
238,244,244,3,-2,-2,2,2,2,-1,3,3
238,244,250,3,-2,3,2,2,0,-1,3,1
238,244,252,3,-2,0,2,2,3,-1,3,1
238,244,254,3,-2,3,2,2,3,-1,3,1
238,250,250,3,3,3,2,-2,0,-1,3,1
238,250,252,3,3,0,2,-2,3,-1,3,1
238,250,254,3,3,3,2,-2,3,-1,3,1
238,252,252,3,-1,0,2,2,3,-1,3,1
238,252,254,3,-1,3,2,2,3,-1,3,1
238,254,254,3,3,3,2,3,3,-1,3,1
240,240,240,0,0,0,-2,-2,0,3,3,1
240,240,242,0,0,2,-2,-2,-2,3,3,3
240,240,244,0,0,-2,-2,-2,2,3,3,3
240,240,250,0,0,3,-2,-2,0,3,3,1
240,240,252,0,0,0,-2,-2,3,3,3,1
240,240,254,0,0,3,-2,-2,3,3,3,1
240,242,242,0,2,2,-2,-2,-2,3,3,3
240,242,244,0,2,-2,-2,-2,2,3,3,3
240,242,250,0,2,3,-2,-2,0,3,3,1
240,242,252,0,2,0,-2,-2,3,3,3,1
240,242,254,0,2,3,-2,-2,3,3,3,1
240,244,244,0,-2,-2,-2,2,2,3,3,3
240,244,250,0,-2,3,-2,2,0,3,3,1
240,244,252,0,-2,0,-2,2,3,3,3,1
240,244,254,0,-2,3,-2,2,3,3,3,1
240,250,250,0,3,3,-2,-2,0,3,3,1
240,250,252,0,3,0,-2,-2,3,3,3,1
240,250,254,0,3,3,-2,-2,3,3,3,1
240,252,252,0,0,0,-2,3,3,3,3,1
240,252,254,0,0,3,-2,3,3,3,3,1
240,254,254,0,3,3,-2,3,3,3,3,1
242,242,242,1,2,2,-2,-2,-2,3,3,3
242,242,244,1,2,-2,-2,-2,2,3,3,3
242,242,250,1,2,3,-2,-2,0,3,3,1
242,242,252,1,2,0,-2,-2,3,3,3,1
242,242,254,1,2,3,-2,-2,3,3,3,1
242,244,244,1,-2,-2,-2,2,2,3,3,3
242,244,250,1,-2,3,-2,2,0,3,3,1
242,244,252,1,-2,0,-2,2,3,3,3,1
242,244,254,1,-2,3,-2,2,3,3,3,1
242,250,250,1,3,3,-2,-2,0,3,3,1
242,250,252,1,3,0,-2,-2,3,3,3,1
242,250,254,1,3,3,-2,-2,3,3,3,1
242,252,252,1,0,0,-2,3,3,3,3,1
242,252,254,1,0,3,-2,3,3,3,3,1
242,254,254,1,3,3,-2,3,3,3,3,1
244,244,244,-1,-2,-2,1,2,2,3,3,3
244,244,250,-1,-2,3,1,2,0,3,3,1
244,244,252,-1,-2,0,1,2,3,3,3,1
244,244,254,-1,-2,3,1,2,3,3,3,1
244,250,250,-1,3,3,1,-2,0,3,3,1
244,250,252,-1,3,0,1,-2,3,3,3,1
244,250,254,-1,3,3,1,-2,3,3,3,1
244,252,252,-1,0,0,1,3,3,3,3,1
244,252,254,-1,0,3,1,3,3,3,3,1
244,254,254,-1,3,3,1,3,3,3,3,1
250,250,250,3,3,3,-2,-2,0,3,3,1
250,250,252,3,3,0,-2,-2,3,3,3,1
250,250,254,3,3,3,-2,-2,3,3,3,1
250,252,252,3,0,0,-2,3,3,3,3,1
250,252,254,3,0,3,-2,3,3,3,3,1
250,254,254,3,3,3,-2,3,3,3,3,1
252,252,252,0,0,0,2,3,3,3,3,1
252,252,254,0,0,3,2,3,3,3,3,1
252,254,254,0,3,3,2,3,3,3,3,1
254,254,254,3,3,3,2,3,3,3,3,1
